t,outcome,"Static(0.5)_belief","Static(0.5)_brier","Static(0.5)_log","Bayes(1,1)_belief","Bayes(1,1)_brier","Bayes(1,1)_log","MLE_belief","MLE_brier","MLE_log"
0,0,0.5,0.75,-0.693147,0.5,0.75,-0.693147,0.5,0.75,-0.693147
1,1,0.5,0.75,-0.693147,0.333333,0.555556,-1.09861,1e-06,2e-06,-13.8155
2,0,0.5,0.75,-0.693147,0.5,0.75,-0.693147,0.5,0.75,-0.693147
3,0,0.5,0.75,-0.693147,0.4,0.84,-0.510826,0.333333,0.888889,-0.405465
4,1,0.5,0.75,-0.693147,0.333333,0.555556,-1.09861,0.25,0.4375,-1.38629
5,1,0.5,0.75,-0.693147,0.428571,0.673469,-0.847298,0.4,0.64,-0.916291
6,1,0.5,0.75,-0.693147,0.5,0.75,-0.693147,0.5,0.75,-0.693147
7,1,0.5,0.75,-0.693147,0.555556,0.802469,-0.587787,0.571429,0.816327,-0.559616
8,1,0.5,0.75,-0.693147,0.6,0.84,-0.510826,0.625,0.859375,-0.470004
9,0,0.5,0.75,-0.693147,0.636364,0.595041,-1.0116,0.666667,0.555556,-1.09861
10,1,0.5,0.75,-0.693147,0.583333,0.826389,-0.538997,0.6,0.84,-0.510826
11,0,0.5,0.75,-0.693147,0.615385,0.621302,-0.955511,0.636364,0.595041,-1.0116
12,0,0.5,0.75,-0.693147,0.571429,0.673469,-0.847298,0.583333,0.659722,-0.875469
13,1,0.5,0.75,-0.693147,0.533333,0.782222,-0.628609,0.538462,0.786982,-0.619039
14,0,0.5,0.75,-0.693147,0.5625,0.683594,-0.826679,0.571429,0.673469,-0.847298
15,0,0.5,0.75,-0.693147,0.529412,0.719723,-0.753772,0.533333,0.715556,-0.76214
16,0,0.5,0.75,-0.693147,0.5,0.75,-0.693147,0.5,0.75,-0.693147
17,1,0.5,0.75,-0.693147,0.473684,0.722992,-0.747214,0.470588,0.719723,-0.753772
18,1,0.5,0.75,-0.693147,0.5,0.75,-0.693147,0.5,0.75,-0.693147
19,0,0.5,0.75,-0.693147,0.52381,0.725624,-0.741937,0.526316,0.722992,-0.747214
20,1,0.5,0.75,-0.693147,0.5,0.75,-0.693147,0.5,0.75,-0.693147
21,1,0.5,0.75,-0.693147,0.521739,0.771267,-0.650588,0.52381,0.773243,-0.646627
22,0,0.5,0.75,-0.693147,0.541667,0.706597,-0.780159,0.545455,0.702479,-0.788457
23,1,0.5,0.75,-0.693147,0.52,0.7696,-0.653926,0.521739,0.771267,-0.650588
24,1,0.5,0.75,-0.693147,0.538462,0.786982,-0.619039,0.541667,0.789931,-0.613104
25,0,0.5,0.75,-0.693147,0.555556,0.691358,-0.81093,0.56,0.6864,-0.820981
26,1,0.5,0.75,-0.693147,0.535714,0.784439,-0.624154,0.538462,0.786982,-0.619039
27,0,0.5,0.75,-0.693147,0.551724,0.6956,-0.802346,0.555556,0.691358,-0.81093
28,1,0.5,0.75,-0.693147,0.533333,0.782222,-0.628609,0.535714,0.784439,-0.624154
29,0,0.5,0.75,-0.693147,0.548387,0.699272,-0.79493,0.551724,0.6956,-0.802346
30,0,0.5,0.75,-0.693147,0.53125,0.717773,-0.757686,0.533333,0.715556,-0.76214
31,1,0.5,0.75,-0.693147,0.515152,0.764922,-0.663294,0.516129,0.765869,-0.661398
32,1,0.5,0.75,-0.693147,0.529412,0.778547,-0.635989,0.53125,0.780273,-0.632523
33,0,0.5,0.75,-0.693147,0.542857,0.705306,-0.782759,0.545455,0.702479,-0.788457
34,0,0.5,0.75,-0.693147,0.527778,0.721451,-0.750306,0.529412,0.719723,-0.753772
35,1,0.5,0.75,-0.693147,0.513514,0.763331,-0.666479,0.514286,0.764082,-0.664976
36,1,0.5,0.75,-0.693147,0.526316,0.775623,-0.641854,0.527778,0.777006,-0.63908
37,1,0.5,0.75,-0.693147,0.538462,0.786982,-0.619039,0.540541,0.788897,-0.615186
38,1,0.5,0.75,-0.693147,0.55,0.7975,-0.597837,0.552632,0.799861,-0.593064
39,0,0.5,0.75,-0.693147,0.560976,0.685306,-0.8232,0.564103,0.681788,-0.830348
40,0,0.5,0.75,-0.693147,0.547619,0.700113,-0.793231,0.55,0.6975,-0.798508
41,0,0.5,0.75,-0.693147,0.534884,0.713899,-0.765468,0.536585,0.712076,-0.769133
42,1,0.5,0.75,-0.693147,0.522727,0.772211,-0.648695,0.52381,0.773243,-0.646627
43,1,0.5,0.75,-0.693147,0.533333,0.782222,-0.628609,0.534884,0.783667,-0.625706
44,1,0.5,0.75,-0.693147,0.543478,0.791588,-0.609766,0.545455,0.793388,-0.606136
45,0,0.5,0.75,-0.693147,0.553191,0.693979,-0.805625,0.555556,0.691358,-0.81093
46,1,0.5,0.75,-0.693147,0.541667,0.789931,-0.613104,0.543478,0.791588,-0.609766
47,1,0.5,0.75,-0.693147,0.55102,0.798417,-0.595983,0.553191,0.800362,-0.592051
48,0,0.5,0.75,-0.693147,0.56,0.6864,-0.820981,0.5625,0.683594,-0.826679
49,1,0.5,0.75,-0.693147,0.54902,0.796617,-0.599621,0.55102,0.798417,-0.595983
50,0,0.5,0.75,-0.693147,0.557692,0.688979,-0.81575,0.56,0.6864,-0.820981
51,1,0.5,0.75,-0.693147,0.54717,0.794945,-0.602996,0.54902,0.796617,-0.599621
52,1,0.5,0.75,-0.693147,0.555556,0.802469,-0.587787,0.557692,0.804364,-0.583948
53,0,0.5,0.75,-0.693147,0.563636,0.682314,-0.829279,0.566038,0.679601,-0.834798
54,0,0.5,0.75,-0.693147,0.553571,0.693559,-0.806476,0.555556,0.691358,-0.81093
55,1,0.5,0.75,-0.693147,0.54386,0.791936,-0.609064,0.545455,0.793388,-0.606136
56,0,0.5,0.75,-0.693147,0.551724,0.6956,-0.802346,0.553571,0.693559,-0.806476
57,0,0.5,0.75,-0.693147,0.542373,0.705832,-0.781701,0.54386,0.704217,-0.784955
58,0,0.5,0.75,-0.693147,0.533333,0.715556,-0.76214,0.534483,0.714328,-0.764606
59,0,0.5,0.75,-0.693147,0.52459,0.724805,-0.743578,0.525424,0.72393,-0.745333
60,0,0.5,0.75,-0.693147,0.516129,0.733611,-0.725937,0.516667,0.733056,-0.727049
61,0,0.5,0.75,-0.693147,0.507937,0.742001,-0.709148,0.508197,0.741736,-0.709676
62,0,0.5,0.75,-0.693147,0.5,0.75,-0.693147,0.5,0.75,-0.693147
63,0,0.5,0.75,-0.693147,0.492308,0.757633,-0.67788,0.492063,0.757874,-0.677399
64,0,0.5,0.75,-0.693147,0.484848,0.764922,-0.663294,0.484375,0.765381,-0.662376
65,1,0.5,0.75,-0.693147,0.477612,0.727111,-0.738957,0.476923,0.726391,-0.7404
66,1,0.5,0.75,-0.693147,0.485294,0.735078,-0.723,0.484848,0.734619,-0.723919
67,1,0.5,0.75,-0.693147,0.492754,0.742701,-0.707746,0.492537,0.742482,-0.708185
68,1,0.5,0.75,-0.693147,0.5,0.75,-0.693147,0.5,0.75,-0.693147
69,1,0.5,0.75,-0.693147,0.507042,0.756993,-0.679161,0.507246,0.757194,-0.678758
70,1,0.5,0.75,-0.693147,0.513889,0.763696,-0.665748,0.514286,0.764082,-0.664976
71,1,0.5,0.75,-0.693147,0.520548,0.770126,-0.652873,0.521127,0.77068,-0.651762
72,1,0.5,0.75,-0.693147,0.527027,0.776297,-0.640503,0.527778,0.777006,-0.63908
73,1,0.5,0.75,-0.693147,0.533333,0.782222,-0.628609,0.534247,0.783074,-0.626898
74,0,0.5,0.75,-0.693147,0.539474,0.708968,-0.775385,0.540541,0.707816,-0.777705
75,0,0.5,0.75,-0.693147,0.532468,0.716478,-0.760286,0.533333,0.715556,-0.76214
76,0,0.5,0.75,-0.693147,0.525641,0.723702,-0.745791,0.526316,0.722992,-0.747214
77,0,0.5,0.75,-0.693147,0.518987,0.730652,-0.731862,0.519481,0.73014,-0.732888
78,0,0.5,0.75,-0.693147,0.5125,0.737344,-0.718465,0.512821,0.737015,-0.719123
79,0,0.5,0.75,-0.693147,0.506173,0.743789,-0.70557,0.506329,0.743631,-0.705886
80,0,0.5,0.75,-0.693147,0.5,0.75,-0.693147,0.5,0.75,-0.693147
81,1,0.5,0.75,-0.693147,0.493976,0.74394,-0.705269,0.493827,0.743789,-0.70557
82,1,0.5,0.75,-0.693147,0.5,0.75,-0.693147,0.5,0.75,-0.693147
83,1,0.5,0.75,-0.693147,0.505882,0.755848,-0.681451,0.506024,0.755988,-0.681171
84,0,0.5,0.75,-0.693147,0.511628,0.738237,-0.716678,0.511905,0.737954,-0.717245
85,0,0.5,0.75,-0.693147,0.505747,0.74422,-0.704708,0.505882,0.744083,-0.704982
86,0,0.5,0.75,-0.693147,0.5,0.75,-0.693147,0.5,0.75,-0.693147
87,1,0.5,0.75,-0.693147,0.494382,0.74435,-0.704447,0.494253,0.74422,-0.704708
88,0,0.5,0.75,-0.693147,0.5,0.75,-0.693147,0.5,0.75,-0.693147
89,1,0.5,0.75,-0.693147,0.494505,0.744475,-0.704197,0.494382,0.74435,-0.704447
90,0,0.5,0.75,-0.693147,0.5,0.75,-0.693147,0.5,0.75,-0.693147
91,0,0.5,0.75,-0.693147,0.494624,0.755347,-0.682452,0.494505,0.755464,-0.682218
92,0,0.5,0.75,-0.693147,0.489362,0.760525,-0.672094,0.48913,0.760751,-0.671641
93,1,0.5,0.75,-0.693147,0.484211,0.733961,-0.725235,0.483871,0.733611,-0.725937
94,1,0.5,0.75,-0.693147,0.489583,0.739475,-0.714201,0.489362,0.739249,-0.714653
95,1,0.5,0.75,-0.693147,0.494845,0.744819,-0.70351,0.494737,0.744709,-0.703729
96,0,0.5,0.75,-0.693147,0.5,0.75,-0.693147,0.5,0.75,-0.693147
97,1,0.5,0.75,-0.693147,0.494949,0.744924,-0.7033,0.494845,0.744819,-0.70351
98,1,0.5,0.75,-0.693147,0.5,0.75,-0.693147,0.5,0.75,-0.693147
99,1,0.5,0.75,-0.693147,0.50495,0.754926,-0.683295,0.505051,0.755025,-0.683097
100,0,0.5,0.75,-0.693147,0.509804,0.7401,-0.71295,0.51,0.7399,-0.71335
101,1,0.5,0.75,-0.693147,0.504854,0.754831,-0.683485,0.50495,0.754926,-0.683295
102,0,0.5,0.75,-0.693147,0.509615,0.740292,-0.712565,0.509804,0.7401,-0.71295
103,0,0.5,0.75,-0.693147,0.504762,0.745215,-0.702717,0.504854,0.745122,-0.702903
104,1,0.5,0.75,-0.693147,0.5,0.75,-0.693147,0.5,0.75,-0.693147
105,0,0.5,0.75,-0.693147,0.504673,0.745305,-0.702537,0.504762,0.745215,-0.702717
106,0,0.5,0.75,-0.693147,0.5,0.75,-0.693147,0.5,0.75,-0.693147
107,1,0.5,0.75,-0.693147,0.495413,0.745392,-0.702364,0.495327,0.745305,-0.702537
108,0,0.5,0.75,-0.693147,0.5,0.75,-0.693147,0.5,0.75,-0.693147
109,0,0.5,0.75,-0.693147,0.495495,0.754484,-0.684179,0.495413,0.754566,-0.684015
110,0,0.5,0.75,-0.693147,0.491071,0.758849,-0.675448,0.490909,0.759008,-0.675129
111,0,0.5,0.75,-0.693147,0.486726,0.763098,-0.666945,0.486486,0.763331,-0.666479
112,0,0.5,0.75,-0.693147,0.482456,0.767236,-0.658661,0.482143,0.767538,-0.658056
113,1,0.5,0.75,-0.693147,0.478261,0.727788,-0.737599,0.477876,0.727387,-0.738404
114,1,0.5,0.75,-0.693147,0.482759,0.732461,-0.728239,0.482456,0.732148,-0.728865
115,1,0.5,0.75,-0.693147,0.487179,0.737015,-0.719123,0.486957,0.736786,-0.71958
116,1,0.5,0.75,-0.693147,0.491525,0.741454,-0.710242,0.491379,0.741305,-0.710539
117,1,0.5,0.75,-0.693147,0.495798,0.745781,-0.701586,0.495726,0.745708,-0.701731
118,0,0.5,0.75,-0.693147,0.5,0.75,-0.693147,0.5,0.75,-0.693147
119,1,0.5,0.75,-0.693147,0.495868,0.745851,-0.701446,0.495798,0.745781,-0.701586
120,1,0.5,0.75,-0.693147,0.5,0.75,-0.693147,0.5,0.75,-0.693147
121,1,0.5,0.75,-0.693147,0.504065,0.754049,-0.68505,0.504132,0.754115,-0.684917
122,0,0.5,0.75,-0.693147,0.508065,0.74187,-0.709408,0.508197,0.741736,-0.709676
123,1,0.5,0.75,-0.693147,0.504,0.753984,-0.685179,0.504065,0.754049,-0.68505
124,0,0.5,0.75,-0.693147,0.507937,0.742001,-0.709148,0.508065,0.74187,-0.709408
125,1,0.5,0.75,-0.693147,0.503937,0.753922,-0.685304,0.504,0.753984,-0.685179
126,1,0.5,0.75,-0.693147,0.507812,0.757751,-0.677643,0.507937,0.757874,-0.677399
127,1,0.5,0.75,-0.693147,0.511628,0.761493,-0.670158,0.511811,0.761672,-0.6698
128,1,0.5,0.75,-0.693147,0.515385,0.765148,-0.662842,0.515625,0.765381,-0.662376
129,0,0.5,0.75,-0.693147,0.519084,0.730552,-0.732063,0.51938,0.730245,-0.732678
130,1,0.5,0.75,-0.693147,0.515152,0.764922,-0.663294,0.515385,0.765148,-0.662842
131,0,0.5,0.75,-0.693147,0.518797,0.73085,-0.731466,0.519084,0.730552,-0.732063
132,1,0.5,0.75,-0.693147,0.514925,0.764703,-0.663733,0.515152,0.764922,-0.663294
133,1,0.5,0.75,-0.693147,0.518519,0.768176,-0.65678,0.518797,0.768444,-0.656243
134,1,0.5,0.75,-0.693147,0.522059,0.771572,-0.649975,0.522388,0.771887,-0.649345
135,1,0.5,0.75,-0.693147,0.525547,0.774895,-0.643315,0.525926,0.775254,-0.642595
136,0,0.5,0.75,-0.693147,0.528986,0.720174,-0.752866,0.529412,0.719723,-0.753772
137,1,0.5,0.75,-0.693147,0.52518,0.774546,-0.644014,0.525547,0.774895,-0.643315
138,1,0.5,0.75,-0.693147,0.528571,0.777755,-0.637577,0.528986,0.778145,-0.636794
139,1,0.5,0.75,-0.693147,0.531915,0.780896,-0.631272,0.532374,0.781326,-0.630409
140,1,0.5,0.75,-0.693147,0.535211,0.783971,-0.625094,0.535714,0.784439,-0.624154
141,0,0.5,0.75,-0.693147,0.538462,0.710059,-0.77319,0.539007,0.709471,-0.774373
142,0,0.5,0.75,-0.693147,0.534722,0.714072,-0.765121,0.535211,0.713549,-0.766172
143,1,0.5,0.75,-0.693147,0.531034,0.780071,-0.632928,0.531469,0.780478,-0.632111
144,0,0.5,0.75,-0.693147,0.534247,0.714581,-0.764099,0.534722,0.714072,-0.765121
145,1,0.5,0.75,-0.693147,0.530612,0.779675,-0.633724,0.531034,0.780071,-0.632928
146,0,0.5,0.75,-0.693147,0.533784,0.715075,-0.763106,0.534247,0.714581,-0.764099
147,1,0.5,0.75,-0.693147,0.530201,0.779289,-0.634498,0.530612,0.779675,-0.633724
148,1,0.5,0.75,-0.693147,0.533333,0.782222,-0.628609,0.533784,0.782642,-0.627764
149,1,0.5,0.75,-0.693147,0.536424,0.785097,-0.622831,0.536913,0.78555,-0.62192
150,0,0.5,0.75,-0.693147,0.539474,0.708968,-0.775385,0.54,0.7084,-0.776529
151,0,0.5,0.75,-0.693147,0.535948,0.71276,-0.767758,0.536424,0.712249,-0.768785
152,0,0.5,0.75,-0.693147,0.532468,0.716478,-0.760286,0.532895,0.716023,-0.761201
153,1,0.5,0.75,-0.693147,0.529032,0.778189,-0.636706,0.529412,0.778547,-0.635989
154,0,0.5,0.75,-0.693147,0.532051,0.716921,-0.759397,0.532468,0.716478,-0.760286
155,0,0.5,0.75,-0.693147,0.528662,0.720516,-0.752181,0.529032,0.720125,-0.752966
156,1,0.5,0.75,-0.693147,0.525316,0.774676,-0.643754,0.525641,0.774984,-0.643137
157,1,0.5,0.75,-0.693147,0.528302,0.777501,-0.638087,0.528662,0.777841,-0.637405
158,1,0.5,0.75,-0.693147,0.53125,0.780273,-0.632523,0.531646,0.780644,-0.631778
159,0,0.5,0.75,-0.693147,0.534161,0.714672,-0.763916,0.534591,0.714212,-0.764839
160,1,0.5,0.75,-0.693147,0.530864,0.779912,-0.633249,0.53125,0.780273,-0.632523
161,0,0.5,0.75,-0.693147,0.533742,0.715119,-0.763017,0.534161,0.714672,-0.763916
162,1,0.5,0.75,-0.693147,0.530488,0.779558,-0.633958,0.530864,0.779912,-0.633249
163,0,0.5,0.75,-0.693147,0.533333,0.715556,-0.76214,0.533742,0.715119,-0.763017
164,0,0.5,0.75,-0.693147,0.53012,0.718972,-0.755279,0.530488,0.718583,-0.756061
165,1,0.5,0.75,-0.693147,0.526946,0.77622,-0.640657,0.527273,0.776529,-0.640037
166,0,0.5,0.75,-0.693147,0.529762,0.719352,-0.754516,0.53012,0.718972,-0.755279
167,0,0.5,0.75,-0.693147,0.526627,0.722664,-0.747872,0.526946,0.722328,-0.748546
168,0,0.5,0.75,-0.693147,0.523529,0.725917,-0.741349,0.52381,0.725624,-0.741937
169,1,0.5,0.75,-0.693147,0.520468,0.770049,-0.653027,0.52071,0.770281,-0.652562
170,1,0.5,0.75,-0.693147,0.523256,0.772715,-0.647685,0.523529,0.772976,-0.647162
171,0,0.5,0.75,-0.693147,0.526012,0.723312,-0.746572,0.526316,0.722992,-0.747214
172,0,0.5,0.75,-0.693147,0.522989,0.726483,-0.740215,0.523256,0.726203,-0.740775
173,1,0.5,0.75,-0.693147,0.52,0.7696,-0.653926,0.520231,0.769822,-0.653482
174,1,0.5,0.75,-0.693147,0.522727,0.772211,-0.648695,0.522989,0.77246,-0.648196
175,0,0.5,0.75,-0.693147,0.525424,0.72393,-0.745333,0.525714,0.723624,-0.745945
176,1,0.5,0.75,-0.693147,0.522472,0.771967,-0.649184,0.522727,0.772211,-0.648695
177,0,0.5,0.75,-0.693147,0.52514,0.724228,-0.744735,0.525424,0.72393,-0.745333
178,0,0.5,0.75,-0.693147,0.522222,0.727284,-0.73861,0.522472,0.727023,-0.739132
179,0,0.5,0.75,-0.693147,0.519337,0.730289,-0.732589,0.519553,0.730065,-0.733039
180,0,0.5,0.75,-0.693147,0.516484,0.733245,-0.72667,0.516667,0.733056,-0.727049
181,1,0.5,0.75,-0.693147,0.513661,0.763475,-0.666191,0.513812,0.763621,-0.665898
182,0,0.5,0.75,-0.693147,0.516304,0.73343,-0.726299,0.516484,0.733245,-0.72667
183,0,0.5,0.75,-0.693147,0.513514,0.736304,-0.720546,0.513661,0.736152,-0.72085
184,1,0.5,0.75,-0.693147,0.510753,0.760637,-0.67187,0.51087,0.760751,-0.671641
185,1,0.5,0.75,-0.693147,0.513369,0.76319,-0.66676,0.513514,0.763331,-0.666479
186,0,0.5,0.75,-0.693147,0.515957,0.733788,-0.725582,0.516129,0.733611,-0.725937
187,0,0.5,0.75,-0.693147,0.513228,0.736598,-0.719958,0.513369,0.736452,-0.720249
188,1,0.5,0.75,-0.693147,0.510526,0.760416,-0.672313,0.510638,0.760525,-0.672094
189,0,0.5,0.75,-0.693147,0.513089,0.73674,-0.719674,0.513228,0.736598,-0.719958
190,0,0.5,0.75,-0.693147,0.510417,0.739475,-0.714201,0.510526,0.739363,-0.714425
191,0,0.5,0.75,-0.693147,0.507772,0.742168,-0.708813,0.507853,0.742085,-0.708979
192,0,0.5,0.75,-0.693147,0.505155,0.744819,-0.70351,0.505208,0.744765,-0.703618
193,1,0.5,0.75,-0.693147,0.502564,0.752558,-0.688032,0.502591,0.752584,-0.687979
194,1,0.5,0.75,-0.693147,0.505102,0.755076,-0.682995,0.505155,0.755128,-0.682891
195,0,0.5,0.75,-0.693147,0.507614,0.742328,-0.708493,0.507692,0.742249,-0.708651
196,0,0.5,0.75,-0.693147,0.505051,0.744924,-0.7033,0.505102,0.744872,-0.703404
197,0,0.5,0.75,-0.693147,0.502513,0.747481,-0.698185,0.502538,0.747455,-0.698236
198,1,0.5,0.75,-0.693147,0.5,0.75,-0.693147,0.5,0.75,-0.693147
199,0,0.5,0.75,-0.693147,0.502488,0.747506,-0.698135,0.502513,0.747481,-0.698185
200,0,0.5,0.75,-0.693147,0.5,0.75,-0.693147,0.5,0.75,-0.693147
201,0,0.5,0.75,-0.693147,0.497537,0.752457,-0.688233,0.497512,0.752481,-0.688184
202,0,0.5,0.75,-0.693147,0.495098,0.754878,-0.683391,0.49505,0.754926,-0.683295
203,0,0.5,0.75,-0.693147,0.492683,0.757264,-0.678619,0.492611,0.757335,-0.678477
204,0,0.5,0.75,-0.693147,0.490291,0.759614,-0.673916,0.490196,0.759708,-0.673729
205,1,0.5,0.75,-0.693147,0.487923,0.737777,-0.717598,0.487805,0.737656,-0.71784
206,0,0.5,0.75,-0.693147,0.490385,0.759523,-0.674099,0.490291,0.759614,-0.673916
207,0,0.5,0.75,-0.693147,0.488038,0.761819,-0.669505,0.487923,0.761931,-0.66928
208,1,0.5,0.75,-0.693147,0.485714,0.73551,-0.722135,0.485577,0.735369,-0.722418
209,1,0.5,0.75,-0.693147,0.488152,0.738011,-0.717129,0.488038,0.737895,-0.717361
210,1,0.5,0.75,-0.693147,0.490566,0.740477,-0.712195,0.490476,0.740385,-0.712379
211,1,0.5,0.75,-0.693147,0.492958,0.742908,-0.707332,0.492891,0.74284,-0.707467
212,0,0.5,0.75,-0.693147,0.495327,0.754651,-0.683845,0.495283,0.754695,-0.683757
213,1,0.5,0.75,-0.693147,0.493023,0.742975,-0.707199,0.492958,0.742908,-0.707332
214,1,0.5,0.75,-0.693147,0.49537,0.745349,-0.70245,0.495327,0.745305,-0.702537
215,1,0.5,0.75,-0.693147,0.497696,0.747691,-0.697766,0.497674,0.747669,-0.697809
216,1,0.5,0.75,-0.693147,0.5,0.75,-0.693147,0.5,0.75,-0.693147
217,1,0.5,0.75,-0.693147,0.502283,0.752278,-0.688591,0.502304,0.752299,-0.688549
218,0,0.5,0.75,-0.693147,0.504545,0.745434,-0.70228,0.504587,0.745392,-0.702364
219,0,0.5,0.75,-0.693147,0.502262,0.747732,-0.697682,0.502283,0.747712,-0.697724
220,1,0.5,0.75,-0.693147,0.5,0.75,-0.693147,0.5,0.75,-0.693147
221,0,0.5,0.75,-0.693147,0.502242,0.747753,-0.697642,0.502262,0.747732,-0.697682
222,0,0.5,0.75,-0.693147,0.5,0.75,-0.693147,0.5,0.75,-0.693147
223,0,0.5,0.75,-0.693147,0.497778,0.752217,-0.688713,0.497758,0.752237,-0.688673
224,1,0.5,0.75,-0.693147,0.495575,0.745556,-0.702036,0.495536,0.745516,-0.702116
225,0,0.5,0.75,-0.693147,0.497797,0.752198,-0.688752,0.497778,0.752217,-0.688713
226,0,0.5,0.75,-0.693147,0.495614,0.754367,-0.684414,0.495575,0.754405,-0.684337
227,1,0.5,0.75,-0.693147,0.49345,0.743407,-0.706334,0.493392,0.743348,-0.706451
228,0,0.5,0.75,-0.693147,0.495652,0.754329,-0.684489,0.495614,0.754367,-0.684414
229,1,0.5,0.75,-0.693147,0.493506,0.743464,-0.706219,0.49345,0.743407,-0.706334
230,1,0.5,0.75,-0.693147,0.49569,0.745671,-0.701805,0.495652,0.745633,-0.701881
231,0,0.5,0.75,-0.693147,0.497854,0.752141,-0.688865,0.497835,0.75216,-0.688828
232,0,0.5,0.75,-0.693147,0.495726,0.754255,-0.684636,0.49569,0.754292,-0.684563
233,0,0.5,0.75,-0.693147,0.493617,0.756342,-0.680462,0.493562,0.756396,-0.680354
234,1,0.5,0.75,-0.693147,0.491525,0.741454,-0.710242,0.491453,0.74138,-0.710389
235,1,0.5,0.75,-0.693147,0.493671,0.743631,-0.705886,0.493617,0.743576,-0.705995
236,0,0.5,0.75,-0.693147,0.495798,0.754184,-0.684779,0.495763,0.754219,-0.684708
237,0,0.5,0.75,-0.693147,0.493724,0.756237,-0.680673,0.493671,0.756289,-0.680568
238,1,0.5,0.75,-0.693147,0.491667,0.741597,-0.709954,0.491597,0.741526,-0.710097
239,0,0.5,0.75,-0.693147,0.493776,0.756185,-0.680776,0.493724,0.756237,-0.680673
240,1,0.5,0.75,-0.693147,0.491736,0.741667,-0.709814,0.491667,0.741597,-0.709954
241,1,0.5,0.75,-0.693147,0.493827,0.743789,-0.70557,0.493776,0.743737,-0.705673
242,0,0.5,0.75,-0.693147,0.495902,0.754082,-0.684984,0.495868,0.754115,-0.684917
243,0,0.5,0.75,-0.693147,0.493878,0.756085,-0.680977,0.493827,0.756135,-0.680877
244,0,0.5,0.75,-0.693147,0.49187,0.758064,-0.677018,0.491803,0.75813,-0.676887
245,1,0.5,0.75,-0.693147,0.489879,0.739776,-0.713598,0.489796,0.739692,-0.713766
246,0,0.5,0.75,-0.693147,0.491935,0.757999,-0.677147,0.49187,0.758064,-0.677018
247,0,0.5,0.75,-0.693147,0.48996,0.759939,-0.673266,0.489879,0.760019,-0.673106
248,0,0.5,0.75,-0.693147,0.488,0.761856,-0.669431,0.487903,0.76195,-0.669242
249,1,0.5,0.75,-0.693147,0.486056,0.735861,-0.721432,0.485944,0.735746,-0.721662
250,1,0.5,0.75,-0.693147,0.488095,0.737954,-0.717245,0.488,0.737856,-0.71744
251,1,0.5,0.75,-0.693147,0.490119,0.740021,-0.713108,0.49004,0.739941,-0.713269
252,1,0.5,0.75,-0.693147,0.492126,0.742064,-0.709021,0.492063,0.742001,-0.709148
253,1,0.5,0.75,-0.693147,0.494118,0.744083,-0.704982,0.494071,0.744036,-0.705076
254,1,0.5,0.75,-0.693147,0.496094,0.746078,-0.70099,0.496063,0.746047,-0.701052
255,1,0.5,0.75,-0.693147,0.498054,0.748051,-0.697046,0.498039,0.748035,-0.697076
256,0,0.5,0.75,-0.693147,0.5,0.75,-0.693147,0.5,0.75,-0.693147
257,0,0.5,0.75,-0.693147,0.498069,0.751927,-0.689294,0.498054,0.751942,-0.689264
258,1,0.5,0.75,-0.693147,0.496154,0.746139,-0.700869,0.496124,0.746109,-0.700929
259,1,0.5,0.75,-0.693147,0.498084,0.748081,-0.696986,0.498069,0.748066,-0.697016
260,0,0.5,0.75,-0.693147,0.5,0.75,-0.693147,0.5,0.75,-0.693147
261,1,0.5,0.75,-0.693147,0.498099,0.748095,-0.696957,0.498084,0.748081,-0.696986
262,1,0.5,0.75,-0.693147,0.5,0.75,-0.693147,0.5,0.75,-0.693147
263,1,0.5,0.75,-0.693147,0.501887,0.751883,-0.689381,0.501901,0.751898,-0.689352
264,1,0.5,0.75,-0.693147,0.503759,0.753745,-0.685657,0.503788,0.753774,-0.6856
265,0,0.5,0.75,-0.693147,0.505618,0.74435,-0.704447,0.50566,0.744308,-0.704533
266,1,0.5,0.75,-0.693147,0.503731,0.753717,-0.685712,0.503759,0.753745,-0.685657
267,0,0.5,0.75,-0.693147,0.505576,0.744393,-0.704362,0.505618,0.74435,-0.704447
268,0,0.5,0.75,-0.693147,0.503704,0.746283,-0.700582,0.503731,0.746255,-0.700638
269,1,0.5,0.75,-0.693147,0.501845,0.751842,-0.689464,0.501859,0.751855,-0.689437
270,1,0.5,0.75,-0.693147,0.503676,0.753663,-0.685821,0.503704,0.75369,-0.685767
271,1,0.5,0.75,-0.693147,0.505495,0.755464,-0.682218,0.505535,0.755504,-0.682138
272,0,0.5,0.75,-0.693147,0.507299,0.742647,-0.707853,0.507353,0.742593,-0.707962
273,1,0.5,0.75,-0.693147,0.505455,0.755425,-0.682297,0.505495,0.755464,-0.682218
274,1,0.5,0.75,-0.693147,0.507246,0.757194,-0.678758,0.507299,0.757246,-0.678654
275,0,0.5,0.75,-0.693147,0.509025,0.740893,-0.711363,0.509091,0.740826,-0.711496
276,1,0.5,0.75,-0.693147,0.507194,0.757142,-0.678861,0.507246,0.757194,-0.678758
277,1,0.5,0.75,-0.693147,0.508961,0.75888,-0.675385,0.509025,0.758944,-0.675258
278,1,0.5,0.75,-0.693147,0.510714,0.760599,-0.671945,0.510791,0.760675,-0.671794
279,1,0.5,0.75,-0.693147,0.512456,0.7623,-0.668541,0.512545,0.762387,-0.668367
280,0,0.5,0.75,-0.693147,0.514184,0.735614,-0.721926,0.514286,0.73551,-0.722135
281,1,0.5,0.75,-0.693147,0.512367,0.762215,-0.668713,0.512456,0.7623,-0.668541
282,0,0.5,0.75,-0.693147,0.514085,0.735717,-0.721721,0.514184,0.735614,-0.721926
283,1,0.5,0.75,-0.693147,0.512281,0.76213,-0.668883,0.512367,0.762215,-0.668713
284,0,0.5,0.75,-0.693147,0.513986,0.735818,-0.721518,0.514085,0.735717,-0.721721
285,1,0.5,0.75,-0.693147,0.512195,0.762046,-0.66905,0.512281,0.76213,-0.668883
286,1,0.5,0.75,-0.693147,0.513889,0.763696,-0.665748,0.513986,0.76379,-0.665559
287,0,0.5,0.75,-0.693147,0.515571,0.734187,-0.724784,0.515679,0.734075,-0.725008
288,0,0.5,0.75,-0.693147,0.513793,0.736017,-0.721121,0.513889,0.735918,-0.721318
289,0,0.5,0.75,-0.693147,0.512027,0.737828,-0.717496,0.512111,0.737743,-0.717667
290,1,0.5,0.75,-0.693147,0.510274,0.760168,-0.672807,0.510345,0.760238,-0.672669
291,1,0.5,0.75,-0.693147,0.511945,0.761803,-0.669537,0.512027,0.761883,-0.669377
292,1,0.5,0.75,-0.693147,0.513605,0.76342,-0.6663,0.513699,0.763511,-0.666119
293,0,0.5,0.75,-0.693147,0.515254,0.734513,-0.724131,0.515358,0.734406,-0.724346
294,1,0.5,0.75,-0.693147,0.513514,0.763331,-0.666479,0.513605,0.76342,-0.6663
295,0,0.5,0.75,-0.693147,0.515152,0.734619,-0.723919,0.515254,0.734513,-0.724131
296,1,0.5,0.75,-0.693147,0.513423,0.763243,-0.666656,0.513514,0.763331,-0.666479
297,0,0.5,0.75,-0.693147,0.51505,0.734723,-0.72371,0.515152,0.734619,-0.723919
298,1,0.5,0.75,-0.693147,0.513333,0.763156,-0.66683,0.513423,0.763243,-0.666656
299,0,0.5,0.75,-0.693147,0.51495,0.734826,-0.723504,0.51505,0.734723,-0.72371
300,1,0.5,0.75,-0.693147,0.513245,0.76307,-0.667002,0.513333,0.763156,-0.66683
301,1,0.5,0.75,-0.693147,0.514851,0.764631,-0.663877,0.51495,0.764727,-0.663685
302,0,0.5,0.75,-0.693147,0.516447,0.733282,-0.726595,0.516556,0.73317,-0.72682
303,1,0.5,0.75,-0.693147,0.514754,0.764536,-0.664066,0.514851,0.764631,-0.663877
304,1,0.5,0.75,-0.693147,0.51634,0.766073,-0.66099,0.516447,0.766177,-0.660782
305,0,0.5,0.75,-0.693147,0.517915,0.731764,-0.729635,0.518033,0.731642,-0.729879
306,0,0.5,0.75,-0.693147,0.516234,0.733503,-0.726153,0.51634,0.733393,-0.726373
307,1,0.5,0.75,-0.693147,0.514563,0.764351,-0.664437,0.514658,0.764443,-0.664253
308,1,0.5,0.75,-0.693147,0.516129,0.765869,-0.661398,0.516234,0.76597,-0.661196
309,1,0.5,0.75,-0.693147,0.517685,0.767372,-0.658389,0.517799,0.767483,-0.658167
310,0,0.5,0.75,-0.693147,0.519231,0.730399,-0.732368,0.519355,0.730271,-0.732626
311,1,0.5,0.75,-0.693147,0.517572,0.767263,-0.658607,0.517685,0.767372,-0.658389
312,1,0.5,0.75,-0.693147,0.519108,0.768743,-0.655643,0.519231,0.768861,-0.655407
313,1,0.5,0.75,-0.693147,0.520635,0.770209,-0.652706,0.520767,0.770336,-0.652453
314,1,0.5,0.75,-0.693147,0.522152,0.771661,-0.649797,0.522293,0.771796,-0.649527
315,0,0.5,0.75,-0.693147,0.523659,0.725781,-0.741622,0.52381,0.725624,-0.741937
316,1,0.5,0.75,-0.693147,0.522013,0.771528,-0.650064,0.522152,0.771661,-0.649797
317,0,0.5,0.75,-0.693147,0.523511,0.725936,-0.741311,0.523659,0.725781,-0.741622
318,1,0.5,0.75,-0.693147,0.521875,0.771396,-0.650327,0.522013,0.771528,-0.650064
319,1,0.5,0.75,-0.693147,0.523364,0.772819,-0.647477,0.523511,0.772958,-0.647197
320,1,0.5,0.75,-0.693147,0.524845,0.774227,-0.644653,0.525,0.774375,-0.644357
321,1,0.5,0.75,-0.693147,0.526316,0.775623,-0.641854,0.52648,0.775779,-0.641542
322,0,0.5,0.75,-0.693147,0.527778,0.721451,-0.750306,0.52795,0.721268,-0.750671
323,0,0.5,0.75,-0.693147,0.526154,0.723162,-0.746873,0.526316,0.722992,-0.747214
324,0,0.5,0.75,-0.693147,0.52454,0.724858,-0.743472,0.524691,0.724699,-0.743791
325,0,0.5,0.75,-0.693147,0.522936,0.726538,-0.740104,0.523077,0.726391,-0.7404
326,1,0.5,0.75,-0.693147,0.521341,0.770886,-0.65135,0.521472,0.771011,-0.651099
327,0,0.5,0.75,-0.693147,0.522796,0.726684,-0.739812,0.522936,0.726538,-0.740104
328,1,0.5,0.75,-0.693147,0.521212,0.770762,-0.651598,0.521341,0.770886,-0.65135
329,0,0.5,0.75,-0.693147,0.522659,0.726828,-0.739523,0.522796,0.726684,-0.739812
330,1,0.5,0.75,-0.693147,0.521084,0.77064,-0.651843,0.521212,0.770762,-0.651598
331,1,0.5,0.75,-0.693147,0.522523,0.772015,-0.649087,0.522659,0.772145,-0.648827
332,1,0.5,0.75,-0.693147,0.523952,0.773378,-0.646355,0.524096,0.773516,-0.64608
333,1,0.5,0.75,-0.693147,0.525373,0.774729,-0.643647,0.525526,0.774874,-0.643357
334,1,0.5,0.75,-0.693147,0.526786,0.776068,-0.640961,0.526946,0.77622,-0.640657
335,1,0.5,0.75,-0.693147,0.52819,0.777395,-0.638299,0.528358,0.777554,-0.637981
336,0,0.5,0.75,-0.693147,0.529586,0.719539,-0.754142,0.529762,0.719352,-0.754516
337,1,0.5,0.75,-0.693147,0.528024,0.777238,-0.638614,0.52819,0.777395,-0.638299
338,1,0.5,0.75,-0.693147,0.529412,0.778547,-0.635989,0.529586,0.77871,-0.63566
339,0,0.5,0.75,-0.693147,0.530792,0.71826,-0.756709,0.530973,0.718067,-0.757096
340,0,0.5,0.75,-0.693147,0.52924,0.719905,-0.753406,0.529412,0.719723,-0.753772
341,1,0.5,0.75,-0.693147,0.527697,0.77693,-0.639233,0.527859,0.777083,-0.638926
342,1,0.5,0.75,-0.693147,0.52907,0.778225,-0.636635,0.52924,0.778385,-0.636314
343,0,0.5,0.75,-0.693147,0.530435,0.718639,-0.755948,0.530612,0.718451,-0.756326
344,1,0.5,0.75,-0.693147,0.528902,0.778066,-0.636953,0.52907,0.778225,-0.636635
345,0,0.5,0.75,-0.693147,0.530259,0.718825,-0.755575,0.530435,0.718639,-0.755948
346,0,0.5,0.75,-0.693147,0.528736,0.720439,-0.752336,0.528902,0.720263,-0.752689
347,1,0.5,0.75,-0.693147,0.527221,0.77648,-0.640136,0.527378,0.776628,-0.639839
348,1,0.5,0.75,-0.693147,0.528571,0.777755,-0.637577,0.528736,0.77791,-0.637267
349,0,0.5,0.75,-0.693147,0.529915,0.719191,-0.754841,0.530086,0.719009,-0.755205
350,0,0.5,0.75,-0.693147,0.528409,0.720784,-0.751643,0.528571,0.720612,-0.751988
351,0,0.5,0.75,-0.693147,0.526912,0.722364,-0.748474,0.527066,0.722202,-0.748798
352,0,0.5,0.75,-0.693147,0.525424,0.72393,-0.745333,0.525568,0.723778,-0.745637
353,0,0.5,0.75,-0.693147,0.523944,0.725483,-0.742219,0.524079,0.725341,-0.742504
354,0,0.5,0.75,-0.693147,0.522472,0.727023,-0.739132,0.522599,0.72689,-0.739398
355,0,0.5,0.75,-0.693147,0.521008,0.72855,-0.736072,0.521127,0.728427,-0.736319
356,0,0.5,0.75,-0.693147,0.519553,0.730065,-0.733039,0.519663,0.72995,-0.733267
357,0,0.5,0.75,-0.693147,0.518106,0.731566,-0.730031,0.518207,0.731461,-0.730241
358,0,0.5,0.75,-0.693147,0.516667,0.733056,-0.727049,0.51676,0.732959,-0.727241
359,0,0.5,0.75,-0.693147,0.515235,0.734532,-0.724092,0.51532,0.734445,-0.724267
360,0,0.5,0.75,-0.693147,0.513812,0.735997,-0.72116,0.513889,0.735918,-0.721318
361,1,0.5,0.75,-0.693147,0.512397,0.762243,-0.668656,0.512465,0.76231,-0.668522
362,0,0.5,0.75,-0.693147,0.513736,0.736075,-0.721004,0.513812,0.735997,-0.72116
363,0,0.5,0.75,-0.693147,0.512329,0.737519,-0.718114,0.512397,0.73745,-0.718253
364,0,0.5,0.75,-0.693147,0.510929,0.738952,-0.715248,0.510989,0.73889,-0.71537
365,0,0.5,0.75,-0.693147,0.509537,0.740372,-0.712405,0.509589,0.740319,-0.712512
366,0,0.5,0.75,-0.693147,0.508152,0.741781,-0.709586,0.508197,0.741736,-0.709676
367,1,0.5,0.75,-0.693147,0.506775,0.756729,-0.679688,0.506812,0.756766,-0.679615
368,1,0.5,0.75,-0.693147,0.508108,0.758042,-0.677061,0.508152,0.758086,-0.676974
369,1,0.5,0.75,-0.693147,0.509434,0.759345,-0.674455,0.509485,0.759395,-0.674355
370,1,0.5,0.75,-0.693147,0.510753,0.760637,-0.67187,0.510811,0.760694,-0.671756
371,1,0.5,0.75,-0.693147,0.512064,0.761919,-0.669305,0.512129,0.761982,-0.669178
372,0,0.5,0.75,-0.693147,0.513369,0.736452,-0.720249,0.513441,0.736378,-0.720397
373,1,0.5,0.75,-0.693147,0.512,0.761856,-0.669431,0.512064,0.761919,-0.669305
374,0,0.5,0.75,-0.693147,0.513298,0.736525,-0.720103,0.513369,0.736452,-0.720249
375,1,0.5,0.75,-0.693147,0.511936,0.761794,-0.669555,0.512,0.761856,-0.669431
376,0,0.5,0.75,-0.693147,0.513228,0.736598,-0.719958,0.513298,0.736525,-0.720103
377,1,0.5,0.75,-0.693147,0.511873,0.761732,-0.669678,0.511936,0.761794,-0.669555
378,1,0.5,0.75,-0.693147,0.513158,0.762985,-0.667172,0.513228,0.763053,-0.667036
379,1,0.5,0.75,-0.693147,0.514436,0.764227,-0.664685,0.514512,0.764301,-0.664537
380,0,0.5,0.75,-0.693147,0.515707,0.734046,-0.725065,0.515789,0.733961,-0.725235
381,1,0.5,0.75,-0.693147,0.51436,0.764154,-0.664831,0.514436,0.764227,-0.664685
382,0,0.5,0.75,-0.693147,0.515625,0.734131,-0.724896,0.515707,0.734046,-0.725065
383,1,0.5,0.75,-0.693147,0.514286,0.764082,-0.664976,0.51436,0.764154,-0.664831
384,1,0.5,0.75,-0.693147,0.515544,0.765302,-0.662533,0.515625,0.765381,-0.662376
385,0,0.5,0.75,-0.693147,0.516796,0.732922,-0.727316,0.516883,0.732832,-0.727497
386,0,0.5,0.75,-0.693147,0.515464,0.734297,-0.724563,0.515544,0.734214,-0.724729
387,1,0.5,0.75,-0.693147,0.514139,0.763939,-0.665262,0.514212,0.76401,-0.66512
388,0,0.5,0.75,-0.693147,0.515385,0.734379,-0.7244,0.515464,0.734297,-0.724563
389,0,0.5,0.75,-0.693147,0.514066,0.735736,-0.721683,0.514139,0.735661,-0.721832
390,0,0.5,0.75,-0.693147,0.512755,0.737082,-0.718988,0.512821,0.737015,-0.719123
391,1,0.5,0.75,-0.693147,0.51145,0.761319,-0.670505,0.511509,0.761376,-0.67039
392,1,0.5,0.75,-0.693147,0.51269,0.762529,-0.668083,0.512755,0.762592,-0.667957
393,0,0.5,0.75,-0.693147,0.513924,0.735882,-0.72139,0.513995,0.735809,-0.721536
394,0,0.5,0.75,-0.693147,0.512626,0.737214,-0.718724,0.51269,0.737149,-0.718856
395,0,0.5,0.75,-0.693147,0.511335,0.738537,-0.716078,0.511392,0.738478,-0.716196
396,1,0.5,0.75,-0.693147,0.51005,0.759949,-0.673246,0.510101,0.759999,-0.673147
397,0,0.5,0.75,-0.693147,0.511278,0.738595,-0.715962,0.511335,0.738537,-0.716078
398,0,0.5,0.75,-0.693147,0.51,0.7399,-0.71335,0.51005,0.739849,-0.713452
399,1,0.5,0.75,-0.693147,0.508728,0.758652,-0.675841,0.508772,0.758695,-0.675755
400,1,0.5,0.75,-0.693147,0.50995,0.759851,-0.673442,0.51,0.7599,-0.673345
401,0,0.5,0.75,-0.693147,0.511166,0.738709,-0.715733,0.511222,0.738652,-0.715847
402,1,0.5,0.75,-0.693147,0.509901,0.759803,-0.673539,0.50995,0.759851,-0.673442
403,1,0.5,0.75,-0.693147,0.511111,0.760988,-0.671168,0.511166,0.761042,-0.67106
404,1,0.5,0.75,-0.693147,0.512315,0.762164,-0.668815,0.512376,0.762223,-0.668696
405,1,0.5,0.75,-0.693147,0.513514,0.763331,-0.666479,0.51358,0.763396,-0.666349
406,1,0.5,0.75,-0.693147,0.514706,0.76449,-0.66416,0.514778,0.76456,-0.664019
407,0,0.5,0.75,-0.693147,0.515892,0.733855,-0.725448,0.515971,0.733774,-0.725609
408,0,0.5,0.75,-0.693147,0.514634,0.735152,-0.722852,0.514706,0.735078,-0.723
409,1,0.5,0.75,-0.693147,0.513382,0.763203,-0.666735,0.513447,0.763267,-0.666608
410,0,0.5,0.75,-0.693147,0.514563,0.735225,-0.722706,0.514634,0.735152,-0.722852
411,0,0.5,0.75,-0.693147,0.513317,0.736505,-0.720143,0.513382,0.736439,-0.720276
412,1,0.5,0.75,-0.693147,0.512077,0.761931,-0.66928,0.512136,0.761989,-0.669165
413,1,0.5,0.75,-0.693147,0.513253,0.763077,-0.666986,0.513317,0.76314,-0.666861
414,1,0.5,0.75,-0.693147,0.514423,0.764215,-0.664709,0.514493,0.764283,-0.664574
415,1,0.5,0.75,-0.693147,0.515588,0.765345,-0.662448,0.515663,0.765417,-0.662303
416,0,0.5,0.75,-0.693147,0.516746,0.732973,-0.727214,0.516827,0.73289,-0.72738
417,0,0.5,0.75,-0.693147,0.515513,0.734246,-0.724665,0.515588,0.734169,-0.724819
418,1,0.5,0.75,-0.693147,0.514286,0.764082,-0.664976,0.514354,0.764148,-0.664843
419,0,0.5,0.75,-0.693147,0.515439,0.734322,-0.724513,0.515513,0.734246,-0.724665
420,0,0.5,0.75,-0.693147,0.514218,0.73558,-0.721995,0.514286,0.73551,-0.722135
421,1,0.5,0.75,-0.693147,0.513002,0.762833,-0.667475,0.513064,0.762893,-0.667354
422,0,0.5,0.75,-0.693147,0.514151,0.735649,-0.721857,0.514218,0.73558,-0.721995
423,0,0.5,0.75,-0.693147,0.512941,0.736891,-0.71937,0.513002,0.736829,-0.719496
424,0,0.5,0.75,-0.693147,0.511737,0.738125,-0.716901,0.511792,0.738068,-0.717015
425,1,0.5,0.75,-0.693147,0.510539,0.760428,-0.672289,0.510588,0.760476,-0.672192
426,0,0.5,0.75,-0.693147,0.511682,0.738181,-0.716789,0.511737,0.738125,-0.716901
427,0,0.5,0.75,-0.693147,0.51049,0.7394,-0.714349,0.510539,0.73935,-0.71445
428,0,0.5,0.75,-0.693147,0.509302,0.740611,-0.711927,0.509346,0.740567,-0.712016
429,0,0.5,0.75,-0.693147,0.508121,0.741813,-0.709522,0.508159,0.741775,-0.709599
430,0,0.5,0.75,-0.693147,0.506944,0.743007,-0.707133,0.506977,0.742975,-0.707199
431,0,0.5,0.75,-0.693147,0.505774,0.744193,-0.704762,0.5058,0.744166,-0.704816
432,0,0.5,0.75,-0.693147,0.504608,0.74537,-0.702407,0.50463,0.745349,-0.70245
433,0,0.5,0.75,-0.693147,0.503448,0.74654,-0.700068,0.503464,0.746524,-0.7001
434,1,0.5,0.75,-0.693147,0.502294,0.752288,-0.688571,0.502304,0.752299,-0.688549
435,1,0.5,0.75,-0.693147,0.503432,0.753421,-0.686306,0.503448,0.753436,-0.686274
436,1,0.5,0.75,-0.693147,0.504566,0.754545,-0.684056,0.504587,0.754566,-0.684015
437,0,0.5,0.75,-0.693147,0.505695,0.744273,-0.704602,0.505721,0.744246,-0.704655
438,1,0.5,0.75,-0.693147,0.504545,0.754525,-0.684097,0.504566,0.754545,-0.684056
439,0,0.5,0.75,-0.693147,0.505669,0.744299,-0.70455,0.505695,0.744273,-0.704602
440,1,0.5,0.75,-0.693147,0.504525,0.754504,-0.684138,0.504545,0.754525,-0.684097
441,0,0.5,0.75,-0.693147,0.505643,0.744325,-0.704498,0.505669,0.744299,-0.70455
442,0,0.5,0.75,-0.693147,0.504505,0.745475,-0.702197,0.504525,0.745455,-0.702238
443,0,0.5,0.75,-0.693147,0.503371,0.746618,-0.699912,0.503386,0.746603,-0.699942
444,1,0.5,0.75,-0.693147,0.502242,0.752237,-0.688673,0.502252,0.752247,-0.688653
445,0,0.5,0.75,-0.693147,0.503356,0.746633,-0.699881,0.503371,0.746618,-0.699912
446,0,0.5,0.75,-0.693147,0.502232,0.747763,-0.697621,0.502242,0.747753,-0.697642
447,1,0.5,0.75,-0.693147,0.501114,0.751112,-0.690922,0.501119,0.751117,-0.690913
448,0,0.5,0.75,-0.693147,0.502222,0.747773,-0.697602,0.502232,0.747763,-0.697621
449,1,0.5,0.75,-0.693147,0.501109,0.751107,-0.690932,0.501114,0.751112,-0.690922
450,1,0.5,0.75,-0.693147,0.502212,0.752207,-0.688732,0.502222,0.752217,-0.688713
451,0,0.5,0.75,-0.693147,0.503311,0.746678,-0.699792,0.503326,0.746663,-0.699821
452,1,0.5,0.75,-0.693147,0.502203,0.752198,-0.688752,0.502212,0.752207,-0.688732
453,1,0.5,0.75,-0.693147,0.503297,0.753286,-0.686575,0.503311,0.7533,-0.686546
454,1,0.5,0.75,-0.693147,0.504386,0.754367,-0.684414,0.504405,0.754386,-0.684375
455,1,0.5,0.75,-0.693147,0.50547,0.755441,-0.682266,0.505495,0.755464,-0.682218
456,1,0.5,0.75,-0.693147,0.50655,0.756507,-0.680132,0.506579,0.756536,-0.680075
457,0,0.5,0.75,-0.693147,0.507625,0.742317,-0.708515,0.507659,0.742283,-0.708583
458,0,0.5,0.75,-0.693147,0.506522,0.743436,-0.706276,0.50655,0.743407,-0.706334
459,0,0.5,0.75,-0.693147,0.505423,0.744548,-0.704052,0.505447,0.744524,-0.7041
460,0,0.5,0.75,-0.693147,0.504329,0.745652,-0.701843,0.504348,0.745633,-0.701881
461,0,0.5,0.75,-0.693147,0.50324,0.74675,-0.699648,0.503254,0.746736,-0.699676
462,0,0.5,0.75,-0.693147,0.502155,0.74784,-0.697467,0.502165,0.747831,-0.697486
463,1,0.5,0.75,-0.693147,0.501075,0.751074,-0.690999,0.50108,0.751079,-0.69099
464,1,0.5,0.75,-0.693147,0.502146,0.752141,-0.688865,0.502155,0.752151,-0.688846
465,1,0.5,0.75,-0.693147,0.503212,0.753202,-0.686744,0.503226,0.753215,-0.686716
466,1,0.5,0.75,-0.693147,0.504274,0.754255,-0.684636,0.504292,0.754273,-0.6846
467,0,0.5,0.75,-0.693147,0.50533,0.744641,-0.703865,0.505353,0.744618,-0.703912
468,1,0.5,0.75,-0.693147,0.504255,0.754237,-0.684673,0.504274,0.754255,-0.684636
469,0,0.5,0.75,-0.693147,0.505308,0.744664,-0.70382,0.50533,0.744641,-0.703865
470,0,0.5,0.75,-0.693147,0.504237,0.745745,-0.701658,0.504255,0.745727,-0.701694
471,0,0.5,0.75,-0.693147,0.503171,0.746819,-0.69951,0.503185,0.746805,-0.699537
472,1,0.5,0.75,-0.693147,0.50211,0.752105,-0.688937,0.502119,0.752114,-0.688919
473,1,0.5,0.75,-0.693147,0.503158,0.753148,-0.686851,0.503171,0.753161,-0.686825
474,0,0.5,0.75,-0.693147,0.504202,0.745781,-0.701586,0.504219,0.745763,-0.701622
475,0,0.5,0.75,-0.693147,0.503145,0.746845,-0.699456,0.503158,0.746832,-0.699483
476,1,0.5,0.75,-0.693147,0.502092,0.752088,-0.688972,0.502101,0.752096,-0.688954
477,0,0.5,0.75,-0.693147,0.503132,0.746859,-0.69943,0.503145,0.746845,-0.699456
478,1,0.5,0.75,-0.693147,0.502083,0.752079,-0.688989,0.502092,0.752088,-0.688972
479,1,0.5,0.75,-0.693147,0.503119,0.753109,-0.68693,0.503132,0.753122,-0.686904
480,1,0.5,0.75,-0.693147,0.504149,0.754132,-0.684883,0.504167,0.754149,-0.684848
481,1,0.5,0.75,-0.693147,0.505176,0.755149,-0.682848,0.505198,0.75517,-0.682806
482,0,0.5,0.75,-0.693147,0.506198,0.743763,-0.705621,0.506224,0.743737,-0.705673
483,0,0.5,0.75,-0.693147,0.505155,0.744819,-0.70351,0.505176,0.744797,-0.703553
484,1,0.5,0.75,-0.693147,0.504115,0.754098,-0.68495,0.504132,0.754115,-0.684917
485,0,0.5,0.75,-0.693147,0.505133,0.74484,-0.703467,0.505155,0.744819,-0.70351
486,0,0.5,0.75,-0.693147,0.504098,0.745885,-0.701378,0.504115,0.745868,-0.701412
487,0,0.5,0.75,-0.693147,0.503067,0.746923,-0.699301,0.50308,0.74691,-0.699326
488,1,0.5,0.75,-0.693147,0.502041,0.752037,-0.689074,0.502049,0.752045,-0.689057
489,1,0.5,0.75,-0.693147,0.503055,0.753046,-0.687056,0.503067,0.753058,-0.687031
490,1,0.5,0.75,-0.693147,0.504065,0.754049,-0.68505,0.504082,0.754065,-0.685017
491,1,0.5,0.75,-0.693147,0.505071,0.755045,-0.683056,0.505092,0.755066,-0.683015
492,1,0.5,0.75,-0.693147,0.506073,0.756036,-0.681075,0.506098,0.75606,-0.681026
493,0,0.5,0.75,-0.693147,0.507071,0.742879,-0.70739,0.507099,0.74285,-0.707448
494,1,0.5,0.75,-0.693147,0.506048,0.756012,-0.681123,0.506073,0.756036,-0.681075
495,1,0.5,0.75,-0.693147,0.507042,0.756993,-0.679161,0.507071,0.757021,-0.679105
496,1,0.5,0.75,-0.693147,0.508032,0.757968,-0.677211,0.508065,0.757999,-0.677147
497,1,0.5,0.75,-0.693147,0.509018,0.758937,-0.675272,0.509054,0.758972,-0.675201
498,1,0.5,0.75,-0.693147,0.51,0.7599,-0.673345,0.51004,0.759939,-0.673266
499,1,0.5,0.75,-0.693147,0.510978,0.760858,-0.671429,0.511022,0.760901,-0.671343
500,1,0.5,0.75,-0.693147,0.511952,0.761809,-0.669524,0.512,0.761856,-0.669431
501,1,0.5,0.75,-0.693147,0.512922,0.762755,-0.667631,0.512974,0.762806,-0.66753
502,1,0.5,0.75,-0.693147,0.513889,0.763696,-0.665748,0.513944,0.76375,-0.665641
503,0,0.5,0.75,-0.693147,0.514851,0.734928,-0.7233,0.514911,0.734867,-0.723422
504,1,0.5,0.75,-0.693147,0.513834,0.763643,-0.665855,0.513889,0.763696,-0.665748
505,1,0.5,0.75,-0.693147,0.514793,0.764574,-0.663991,0.514851,0.764631,-0.663877
506,1,0.5,0.75,-0.693147,0.515748,0.7655,-0.662137,0.51581,0.76556,-0.662016
507,0,0.5,0.75,-0.693147,0.516699,0.733022,-0.727116,0.516765,0.732954,-0.727253
508,1,0.5,0.75,-0.693147,0.515686,0.76544,-0.662257,0.515748,0.7655,-0.662137
509,0,0.5,0.75,-0.693147,0.516634,0.733089,-0.726981,0.516699,0.733022,-0.727116
510,0,0.5,0.75,-0.693147,0.515625,0.734131,-0.724896,0.515686,0.734068,-0.725022
511,1,0.5,0.75,-0.693147,0.51462,0.764406,-0.664327,0.514677,0.764462,-0.664216
512,0,0.5,0.75,-0.693147,0.515564,0.734194,-0.72477,0.515625,0.734131,-0.724896
513,0,0.5,0.75,-0.693147,0.514563,0.735225,-0.722706,0.51462,0.735166,-0.722823
514,1,0.5,0.75,-0.693147,0.513566,0.763382,-0.666377,0.513619,0.763433,-0.666274
515,1,0.5,0.75,-0.693147,0.514507,0.764296,-0.664547,0.514563,0.764351,-0.664437
516,0,0.5,0.75,-0.693147,0.515444,0.734317,-0.724522,0.515504,0.734256,-0.724646
517,1,0.5,0.75,-0.693147,0.514451,0.764242,-0.664655,0.514507,0.764296,-0.664547
518,0,0.5,0.75,-0.693147,0.515385,0.734379,-0.7244,0.515444,0.734317,-0.724522
519,1,0.5,0.75,-0.693147,0.514395,0.764188,-0.664763,0.514451,0.764242,-0.664655
520,0,0.5,0.75,-0.693147,0.515326,0.734439,-0.724278,0.515385,0.734379,-0.7244
521,1,0.5,0.75,-0.693147,0.51434,0.764135,-0.66487,0.514395,0.764188,-0.664763
522,0,0.5,0.75,-0.693147,0.515267,0.7345,-0.724157,0.515326,0.734439,-0.724278
523,0,0.5,0.75,-0.693147,0.514286,0.73551,-0.722135,0.51434,0.735454,-0.722247
524,1,0.5,0.75,-0.693147,0.513308,0.763131,-0.666879,0.513359,0.76318,-0.66678
525,1,0.5,0.75,-0.693147,0.514231,0.764029,-0.665082,0.514286,0.764082,-0.664976
526,1,0.5,0.75,-0.693147,0.515152,0.764922,-0.663294,0.515209,0.764978,-0.663182
527,1,0.5,0.75,-0.693147,0.516068,0.76581,-0.661517,0.516129,0.765869,-0.661398
528,1,0.5,0.75,-0.693147,0.516981,0.766693,-0.659749,0.517045,0.766755,-0.659624
529,0,0.5,0.75,-0.693147,0.517891,0.731789,-0.729585,0.517958,0.731719,-0.729725
530,0,0.5,0.75,-0.693147,0.516917,0.732797,-0.727567,0.516981,0.732731,-0.7277
531,0,0.5,0.75,-0.693147,0.515947,0.733798,-0.725562,0.516008,0.733736,-0.725686
532,0,0.5,0.75,-0.693147,0.514981,0.734794,-0.723568,0.515038,0.734736,-0.723684
533,0,0.5,0.75,-0.693147,0.514019,0.735785,-0.721585,0.514071,0.735731,-0.721693
534,0,0.5,0.75,-0.693147,0.51306,0.73677,-0.719614,0.513109,0.73672,-0.719714
535,0,0.5,0.75,-0.693147,0.512104,0.737749,-0.717654,0.51215,0.737703,-0.717746
536,1,0.5,0.75,-0.693147,0.511152,0.761028,-0.671087,0.511194,0.761069,-0.671006
537,1,0.5,0.75,-0.693147,0.512059,0.761914,-0.669315,0.512104,0.761958,-0.669227
538,1,0.5,0.75,-0.693147,0.512963,0.762795,-0.667552,0.513011,0.762842,-0.667458
539,1,0.5,0.75,-0.693147,0.513863,0.763671,-0.665798,0.513915,0.763721,-0.665698
540,1,0.5,0.75,-0.693147,0.51476,0.764542,-0.664054,0.514815,0.764595,-0.663948
541,1,0.5,0.75,-0.693147,0.515654,0.765409,-0.66232,0.515712,0.765465,-0.662207
542,0,0.5,0.75,-0.693147,0.516544,0.733182,-0.726795,0.516605,0.733119,-0.726921
543,0,0.5,0.75,-0.693147,0.515596,0.73416,-0.724837,0.515654,0.734101,-0.724955
544,1,0.5,0.75,-0.693147,0.514652,0.764437,-0.664264,0.514706,0.76449,-0.66416
545,1,0.5,0.75,-0.693147,0.515539,0.765298,-0.662542,0.515596,0.765353,-0.662431
546,1,0.5,0.75,-0.693147,0.516423,0.766154,-0.660828,0.516484,0.766212,-0.660712
547,1,0.5,0.75,-0.693147,0.517304,0.767005,-0.659124,0.517367,0.767066,-0.659002
548,1,0.5,0.75,-0.693147,0.518182,0.767851,-0.657429,0.518248,0.767915,-0.657301
549,0,0.5,0.75,-0.693147,0.519056,0.730581,-0.732005,0.519126,0.730509,-0.732149
550,1,0.5,0.75,-0.693147,0.518116,0.767788,-0.657556,0.518182,0.767851,-0.657429
551,0,0.5,0.75,-0.693147,0.518987,0.730652,-0.731862,0.519056,0.730581,-0.732005
552,0,0.5,0.75,-0.693147,0.518051,0.731624,-0.729916,0.518116,0.731556,-0.730052
553,1,0.5,0.75,-0.693147,0.517117,0.766824,-0.659486,0.517179,0.766884,-0.659366
554,0,0.5,0.75,-0.693147,0.517986,0.731691,-0.729781,0.518051,0.731624,-0.729916
555,0,0.5,0.75,-0.693147,0.517056,0.732653,-0.727854,0.517117,0.73259,-0.727981
556,1,0.5,0.75,-0.693147,0.516129,0.765869,-0.661398,0.516187,0.765925,-0.661286
557,1,0.5,0.75,-0.693147,0.516995,0.766706,-0.659723,0.517056,0.766765,-0.659605
558,0,0.5,0.75,-0.693147,0.517857,0.731824,-0.729515,0.517921,0.731758,-0.729648
559,0,0.5,0.75,-0.693147,0.516934,0.732779,-0.727602,0.516995,0.732717,-0.727728
560,0,0.5,0.75,-0.693147,0.516014,0.733729,-0.7257,0.516071,0.73367,-0.725818
561,0,0.5,0.75,-0.693147,0.515098,0.734674,-0.723808,0.515152,0.734619,-0.723919
562,0,0.5,0.75,-0.693147,0.514184,0.735614,-0.721926,0.514235,0.735562,-0.72203
563,0,0.5,0.75,-0.693147,0.513274,0.736549,-0.720055,0.513321,0.736501,-0.720152
564,0,0.5,0.75,-0.693147,0.512367,0.73748,-0.718193,0.512411,0.737435,-0.718283
565,0,0.5,0.75,-0.693147,0.511464,0.738405,-0.716342,0.511504,0.738363,-0.716425
566,0,0.5,0.75,-0.693147,0.510563,0.739325,-0.7145,0.510601,0.739287,-0.714577
567,1,0.5,0.75,-0.693147,0.509666,0.759573,-0.674,0.5097,0.759606,-0.673933
568,0,0.5,0.75,-0.693147,0.510526,0.739363,-0.714425,0.510563,0.739325,-0.7145
569,0,0.5,0.75,-0.693147,0.509632,0.740275,-0.7126,0.509666,0.74024,-0.712669
570,1,0.5,0.75,-0.693147,0.508741,0.758665,-0.675816,0.508772,0.758695,-0.675755
571,0,0.5,0.75,-0.693147,0.509599,0.740309,-0.712531,0.509632,0.740275,-0.7126
572,1,0.5,0.75,-0.693147,0.508711,0.758635,-0.675876,0.508741,0.758665,-0.675816
573,0,0.5,0.75,-0.693147,0.509565,0.740343,-0.712463,0.509599,0.740309,-0.712531
574,0,0.5,0.75,-0.693147,0.508681,0.741244,-0.710661,0.508711,0.741213,-0.710722
575,0,0.5,0.75,-0.693147,0.507799,0.74214,-0.708868,0.507826,0.742113,-0.708923
576,1,0.5,0.75,-0.693147,0.50692,0.756873,-0.679401,0.506944,0.756896,-0.679354
577,0,0.5,0.75,-0.693147,0.507772,0.742168,-0.708813,0.507799,0.74214,-0.708868
578,0,0.5,0.75,-0.693147,0.506897,0.743056,-0.707036,0.50692,0.743032,-0.707085
579,1,0.5,0.75,-0.693147,0.506024,0.755988,-0.681171,0.506045,0.756008,-0.68113
580,1,0.5,0.75,-0.693147,0.506873,0.756826,-0.679495,0.506897,0.756849,-0.679448
581,0,0.5,0.75,-0.693147,0.507719,0.742222,-0.708705,0.507745,0.742195,-0.708759
582,1,0.5,0.75,-0.693147,0.506849,0.756802,-0.679542,0.506873,0.756826,-0.679495
583,1,0.5,0.75,-0.693147,0.507692,0.757633,-0.67788,0.507719,0.757659,-0.677828
584,0,0.5,0.75,-0.693147,0.508532,0.741395,-0.710359,0.508562,0.741365,-0.710419
585,1,0.5,0.75,-0.693147,0.507666,0.757607,-0.677931,0.507692,0.757633,-0.67788
586,0,0.5,0.75,-0.693147,0.508503,0.741424,-0.7103,0.508532,0.741395,-0.710359
587,1,0.5,0.75,-0.693147,0.50764,0.757582,-0.677983,0.507666,0.757607,-0.677931
588,0,0.5,0.75,-0.693147,0.508475,0.741454,-0.710242,0.508503,0.741424,-0.7103
589,1,0.5,0.75,-0.693147,0.507614,0.757556,-0.678034,0.50764,0.757582,-0.677983
590,0,0.5,0.75,-0.693147,0.508446,0.741483,-0.710183,0.508475,0.741454,-0.710242
591,1,0.5,0.75,-0.693147,0.507589,0.757531,-0.678084,0.507614,0.757556,-0.678034
592,0,0.5,0.75,-0.693147,0.508418,0.741512,-0.710126,0.508446,0.741483,-0.710183
593,1,0.5,0.75,-0.693147,0.507563,0.757506,-0.678134,0.507589,0.757531,-0.678084
594,0,0.5,0.75,-0.693147,0.508389,0.74154,-0.710068,0.508418,0.741512,-0.710126
595,0,0.5,0.75,-0.693147,0.507538,0.742405,-0.708337,0.507563,0.74238,-0.708389
596,0,0.5,0.75,-0.693147,0.506689,0.743266,-0.706615,0.506711,0.743244,-0.706661
597,0,0.5,0.75,-0.693147,0.505843,0.744123,-0.704902,0.505863,0.744103,-0.704942
598,1,0.5,0.75,-0.693147,0.505,0.754975,-0.683197,0.505017,0.754992,-0.683164
599,0,0.5,0.75,-0.693147,0.505824,0.744142,-0.704863,0.505843,0.744123,-0.704902
600,1,0.5,0.75,-0.693147,0.504983,0.754959,-0.68323,0.505,0.754975,-0.683197
601,1,0.5,0.75,-0.693147,0.505804,0.755771,-0.681605,0.505824,0.75579,-0.681567
602,1,0.5,0.75,-0.693147,0.506623,0.756579,-0.679989,0.506645,0.7566,-0.679946
603,0,0.5,0.75,-0.693147,0.507438,0.742507,-0.708135,0.507463,0.742482,-0.708185
604,0,0.5,0.75,-0.693147,0.506601,0.743356,-0.706436,0.506623,0.743334,-0.706481
605,1,0.5,0.75,-0.693147,0.505766,0.755733,-0.681681,0.505785,0.755752,-0.681643
606,0,0.5,0.75,-0.693147,0.506579,0.743378,-0.706392,0.506601,0.743356,-0.706436
607,1,0.5,0.75,-0.693147,0.505747,0.755714,-0.681718,0.505766,0.755733,-0.681681
608,1,0.5,0.75,-0.693147,0.506557,0.756514,-0.680118,0.506579,0.756536,-0.680075
609,1,0.5,0.75,-0.693147,0.507365,0.757311,-0.678525,0.507389,0.757335,-0.678477
610,1,0.5,0.75,-0.693147,0.50817,0.758103,-0.676939,0.508197,0.75813,-0.676887
611,1,0.5,0.75,-0.693147,0.508972,0.758892,-0.675362,0.509002,0.758921,-0.675304
612,0,0.5,0.75,-0.693147,0.509772,0.740133,-0.712885,0.509804,0.7401,-0.71295
613,0,0.5,0.75,-0.693147,0.508943,0.740977,-0.711195,0.508972,0.740947,-0.711255
614,1,0.5,0.75,-0.693147,0.508117,0.758051,-0.677044,0.508143,0.758077,-0.676992
615,1,0.5,0.75,-0.693147,0.508914,0.758835,-0.675476,0.508943,0.758863,-0.675419
616,1,0.5,0.75,-0.693147,0.509709,0.759614,-0.673916,0.50974,0.759645,-0.673854
617,0,0.5,0.75,-0.693147,0.510501,0.739389,-0.714372,0.510535,0.739354,-0.714442
618,1,0.5,0.75,-0.693147,0.509677,0.759584,-0.673977,0.509709,0.759614,-0.673916
619,0,0.5,0.75,-0.693147,0.510467,0.739423,-0.714303,0.510501,0.739389,-0.714372
620,0,0.5,0.75,-0.693147,0.509646,0.740261,-0.712628,0.509677,0.740229,-0.712692
621,0,0.5,0.75,-0.693147,0.508828,0.741094,-0.710961,0.508857,0.741065,-0.711019
622,0,0.5,0.75,-0.693147,0.508013,0.741923,-0.709303,0.508039,0.741897,-0.709355
623,1,0.5,0.75,-0.693147,0.5072,0.757148,-0.67885,0.507223,0.757171,-0.678804
624,0,0.5,0.75,-0.693147,0.507987,0.741949,-0.709251,0.508013,0.741923,-0.709303
625,0,0.5,0.75,-0.693147,0.507177,0.742771,-0.707605,0.5072,0.742748,-0.707652
626,0,0.5,0.75,-0.693147,0.506369,0.74359,-0.705968,0.50639,0.743569,-0.706009
627,1,0.5,0.75,-0.693147,0.505564,0.755533,-0.68208,0.505582,0.755551,-0.682045
628,1,0.5,0.75,-0.693147,0.506349,0.756309,-0.680529,0.506369,0.756329,-0.680489
629,1,0.5,0.75,-0.693147,0.507132,0.757081,-0.678985,0.507154,0.757103,-0.67894
630,0,0.5,0.75,-0.693147,0.507911,0.742026,-0.709096,0.507937,0.742001,-0.709148
631,0,0.5,0.75,-0.693147,0.507109,0.74284,-0.707467,0.507132,0.742818,-0.707513
632,0,0.5,0.75,-0.693147,0.506309,0.743651,-0.705846,0.506329,0.743631,-0.705886
633,1,0.5,0.75,-0.693147,0.505512,0.755481,-0.682184,0.505529,0.755499,-0.682149
634,0,0.5,0.75,-0.693147,0.506289,0.743671,-0.705806,0.506309,0.743651,-0.705846
635,1,0.5,0.75,-0.693147,0.505495,0.755464,-0.682218,0.505512,0.755481,-0.682184
636,1,0.5,0.75,-0.693147,0.50627,0.75623,-0.680686,0.506289,0.75625,-0.680647
637,1,0.5,0.75,-0.693147,0.507042,0.756993,-0.679161,0.507064,0.757014,-0.679117
638,0,0.5,0.75,-0.693147,0.507812,0.742126,-0.708896,0.507837,0.742102,-0.708945
639,1,0.5,0.75,-0.693147,0.50702,0.756971,-0.679204,0.507042,0.756993,-0.679161
640,0,0.5,0.75,-0.693147,0.507788,0.742151,-0.708846,0.507812,0.742126,-0.708896
641,0,0.5,0.75,-0.693147,0.506998,0.742953,-0.707243,0.50702,0.74293,-0.707287
642,1,0.5,0.75,-0.693147,0.506211,0.756173,-0.680801,0.506231,0.756192,-0.680763
643,0,0.5,0.75,-0.693147,0.506977,0.742975,-0.707199,0.506998,0.742953,-0.707243
644,1,0.5,0.75,-0.693147,0.506192,0.756154,-0.680839,0.506211,0.756173,-0.680801
645,1,0.5,0.75,-0.693147,0.506955,0.756907,-0.679333,0.506977,0.756928,-0.67929
646,1,0.5,0.75,-0.693147,0.507716,0.757657,-0.677833,0.50774,0.75768,-0.677786
647,1,0.5,0.75,-0.693147,0.508475,0.758403,-0.67634,0.508501,0.758429,-0.676289
648,0,0.5,0.75,-0.693147,0.509231,0.740684,-0.711781,0.509259,0.740655,-0.711839
649,1,0.5,0.75,-0.693147,0.508449,0.758377,-0.676391,0.508475,0.758403,-0.67634
650,0,0.5,0.75,-0.693147,0.509202,0.740713,-0.711724,0.509231,0.740684,-0.711781
651,0,0.5,0.75,-0.693147,0.508423,0.741506,-0.710136,0.508449,0.74148,-0.710189
652,0,0.5,0.75,-0.693147,0.507645,0.742296,-0.708556,0.507669,0.742272,-0.708603
653,0,0.5,0.75,-0.693147,0.50687,0.743083,-0.706983,0.506891,0.743061,-0.707026
654,0,0.5,0.75,-0.693147,0.506098,0.743865,-0.705417,0.506116,0.743846,-0.705455
655,1,0.5,0.75,-0.693147,0.505327,0.755299,-0.682549,0.505344,0.755315,-0.682517
656,1,0.5,0.75,-0.693147,0.506079,0.756042,-0.681062,0.506098,0.75606,-0.681026
657,0,0.5,0.75,-0.693147,0.506829,0.743125,-0.706898,0.506849,0.743104,-0.706941
658,0,0.5,0.75,-0.693147,0.506061,0.743903,-0.705342,0.506079,0.743884,-0.70538
659,1,0.5,0.75,-0.693147,0.505295,0.755267,-0.682613,0.505311,0.755283,-0.682581
660,1,0.5,0.75,-0.693147,0.506042,0.756006,-0.681135,0.506061,0.756024,-0.681099
661,1,0.5,0.75,-0.693147,0.506787,0.756741,-0.679664,0.506808,0.756762,-0.679623
662,0,0.5,0.75,-0.693147,0.50753,0.742413,-0.708322,0.507553,0.74239,-0.708368
663,1,0.5,0.75,-0.693147,0.506767,0.756721,-0.679704,0.506787,0.756741,-0.679664
664,1,0.5,0.75,-0.693147,0.507508,0.757451,-0.678244,0.50753,0.757473,-0.678199
665,1,0.5,0.75,-0.693147,0.508246,0.758178,-0.67679,0.508271,0.758202,-0.676741
666,1,0.5,0.75,-0.693147,0.508982,0.758901,-0.675343,0.509009,0.758928,-0.67529
667,0,0.5,0.75,-0.693147,0.509716,0.74019,-0.71277,0.509745,0.74016,-0.71283
668,1,0.5,0.75,-0.693147,0.508955,0.758875,-0.675395,0.508982,0.758901,-0.675343
669,0,0.5,0.75,-0.693147,0.509687,0.740219,-0.712711,0.509716,0.74019,-0.71277
670,1,0.5,0.75,-0.693147,0.508929,0.758849,-0.675448,0.508955,0.758875,-0.675395
671,0,0.5,0.75,-0.693147,0.509658,0.740248,-0.712653,0.509687,0.740219,-0.712711
672,1,0.5,0.75,-0.693147,0.508902,0.758823,-0.6755,0.508929,0.758849,-0.675448
673,1,0.5,0.75,-0.693147,0.50963,0.759537,-0.674071,0.509658,0.759565,-0.674015
674,0,0.5,0.75,-0.693147,0.510355,0.739538,-0.714075,0.510386,0.739506,-0.714137
675,0,0.5,0.75,-0.693147,0.509601,0.740307,-0.712536,0.50963,0.740278,-0.712594
676,0,0.5,0.75,-0.693147,0.50885,0.741072,-0.711005,0.508876,0.741045,-0.711058
677,0,0.5,0.75,-0.693147,0.5081,0.741834,-0.70948,0.508124,0.74181,-0.709529
678,0,0.5,0.75,-0.693147,0.507353,0.742593,-0.707962,0.507375,0.742571,-0.708006
679,1,0.5,0.75,-0.693147,0.506608,0.756564,-0.680018,0.506627,0.756583,-0.679979
680,0,0.5,0.75,-0.693147,0.507331,0.742615,-0.707918,0.507353,0.742593,-0.707962
681,1,0.5,0.75,-0.693147,0.506589,0.756545,-0.680056,0.506608,0.756564,-0.680018
682,0,0.5,0.75,-0.693147,0.50731,0.742637,-0.707875,0.507331,0.742615,-0.707918
683,0,0.5,0.75,-0.693147,0.506569,0.743388,-0.706373,0.506589,0.743368,-0.706412
684,0,0.5,0.75,-0.693147,0.505831,0.744135,-0.704878,0.505848,0.744118,-0.704912
685,0,0.5,0.75,-0.693147,0.505095,0.744879,-0.703389,0.505109,0.744864,-0.703419
686,1,0.5,0.75,-0.693147,0.50436,0.754341,-0.684464,0.504373,0.754354,-0.684439
687,0,0.5,0.75,-0.693147,0.50508,0.744894,-0.703359,0.505095,0.744879,-0.703389
688,1,0.5,0.75,-0.693147,0.504348,0.754329,-0.684489,0.50436,0.754341,-0.684464
689,0,0.5,0.75,-0.693147,0.505065,0.744909,-0.703329,0.50508,0.744894,-0.703359
690,0,0.5,0.75,-0.693147,0.504335,0.745646,-0.701856,0.504348,0.745633,-0.701881
691,1,0.5,0.75,-0.693147,0.503608,0.753594,-0.685958,0.503618,0.753605,-0.685937
692,0,0.5,0.75,-0.693147,0.504323,0.745659,-0.70183,0.504335,0.745646,-0.701856
693,0,0.5,0.75,-0.693147,0.503597,0.74639,-0.700367,0.503608,0.746379,-0.700388
694,0,0.5,0.75,-0.693147,0.502874,0.747118,-0.698911,0.502882,0.74711,-0.698928
695,0,0.5,0.75,-0.693147,0.502152,0.747843,-0.697461,0.502158,0.747837,-0.697473
696,1,0.5,0.75,-0.693147,0.501433,0.751431,-0.690286,0.501437,0.751435,-0.690278
697,0,0.5,0.75,-0.693147,0.502146,0.747849,-0.697448,0.502152,0.747843,-0.697461
698,0,0.5,0.75,-0.693147,0.501429,0.748569,-0.696008,0.501433,0.748565,-0.696017
699,1,0.5,0.75,-0.693147,0.500713,0.750713,-0.691722,0.500715,0.750715,-0.691718
700,0,0.5,0.75,-0.693147,0.501425,0.748573,-0.696,0.501429,0.748569,-0.696008
701,1,0.5,0.75,-0.693147,0.500711,0.750711,-0.691726,0.500713,0.750713,-0.691722
702,1,0.5,0.75,-0.693147,0.50142,0.751418,-0.69031,0.501425,0.751422,-0.690302
703,0,0.5,0.75,-0.693147,0.502128,0.747868,-0.697412,0.502134,0.747862,-0.697424
704,0,0.5,0.75,-0.693147,0.501416,0.748582,-0.695984,0.50142,0.748578,-0.695992
705,1,0.5,0.75,-0.693147,0.500707,0.750707,-0.691734,0.500709,0.750709,-0.69173
706,0,0.5,0.75,-0.693147,0.501412,0.748586,-0.695976,0.501416,0.748582,-0.695984
707,1,0.5,0.75,-0.693147,0.500705,0.750705,-0.691738,0.500707,0.750707,-0.691734
708,1,0.5,0.75,-0.693147,0.501408,0.751406,-0.690334,0.501412,0.75141,-0.690326
709,1,0.5,0.75,-0.693147,0.50211,0.752105,-0.688937,0.502116,0.752111,-0.688925
710,1,0.5,0.75,-0.693147,0.502809,0.752801,-0.687545,0.502817,0.752809,-0.687529
711,1,0.5,0.75,-0.693147,0.503506,0.753494,-0.686159,0.503516,0.753504,-0.686139
712,0,0.5,0.75,-0.693147,0.504202,0.745781,-0.701586,0.504213,0.745769,-0.70161
713,0,0.5,0.75,-0.693147,0.503497,0.746491,-0.700165,0.503506,0.746481,-0.700185
714,1,0.5,0.75,-0.693147,0.502793,0.752785,-0.687576,0.502801,0.752793,-0.687561
715,0,0.5,0.75,-0.693147,0.503487,0.746501,-0.700145,0.503497,0.746491,-0.700165
716,0,0.5,0.75,-0.693147,0.502786,0.747207,-0.698734,0.502793,0.747199,-0.698749
717,1,0.5,0.75,-0.693147,0.502086,0.752082,-0.688983,0.502092,0.752088,-0.688972
718,0,0.5,0.75,-0.693147,0.502778,0.747215,-0.698718,0.502786,0.747207,-0.698734
719,0,0.5,0.75,-0.693147,0.50208,0.747915,-0.697317,0.502086,0.747909,-0.697328
720,1,0.5,0.75,-0.693147,0.501385,0.751383,-0.690381,0.501389,0.751387,-0.690373
721,1,0.5,0.75,-0.693147,0.502075,0.75207,-0.689006,0.50208,0.752076,-0.688995
722,0,0.5,0.75,-0.693147,0.502762,0.74723,-0.698687,0.50277,0.747222,-0.698703
723,0,0.5,0.75,-0.693147,0.502069,0.747927,-0.697294,0.502075,0.747921,-0.697305
724,1,0.5,0.75,-0.693147,0.501377,0.751376,-0.690396,0.501381,0.751379,-0.690389
725,0,0.5,0.75,-0.693147,0.502063,0.747932,-0.697282,0.502069,0.747927,-0.697294
726,0,0.5,0.75,-0.693147,0.501374,0.748624,-0.695898,0.501377,0.748621,-0.695906
727,0,0.5,0.75,-0.693147,0.500686,0.749314,-0.69452,0.500688,0.749312,-0.694524
728,0,0.5,0.75,-0.693147,0.5,0.75,-0.693147,0.5,0.75,-0.693147
729,0,0.5,0.75,-0.693147,0.499316,0.750684,-0.69178,0.499314,0.750685,-0.691776
730,1,0.5,0.75,-0.693147,0.498634,0.748632,-0.695883,0.49863,0.748628,-0.695891
731,1,0.5,0.75,-0.693147,0.499318,0.749317,-0.694512,0.499316,0.749316,-0.694516
732,0,0.5,0.75,-0.693147,0.5,0.75,-0.693147,0.5,0.75,-0.693147
733,0,0.5,0.75,-0.693147,0.49932,0.75068,-0.691788,0.499318,0.750682,-0.691784
734,1,0.5,0.75,-0.693147,0.498641,0.748639,-0.695868,0.498638,0.748636,-0.695876
735,0,0.5,0.75,-0.693147,0.499322,0.750678,-0.691791,0.49932,0.75068,-0.691788
736,0,0.5,0.75,-0.693147,0.498645,0.751353,-0.690441,0.498641,0.751357,-0.690433
737,1,0.5,0.75,-0.693147,0.49797,0.747966,-0.697215,0.497965,0.747961,-0.697226
738,0,0.5,0.75,-0.693147,0.498649,0.75135,-0.690448,0.498645,0.751353,-0.690441
739,0,0.5,0.75,-0.693147,0.497976,0.75202,-0.689107,0.49797,0.752026,-0.689096
740,0,0.5,0.75,-0.693147,0.497305,0.752688,-0.687771,0.497297,0.752695,-0.687756
741,0,0.5,0.75,-0.693147,0.496635,0.753353,-0.68644,0.496626,0.753362,-0.686422
742,1,0.5,0.75,-0.693147,0.495968,0.745951,-0.701244,0.495957,0.745941,-0.701266
743,0,0.5,0.75,-0.693147,0.496644,0.753344,-0.686458,0.496635,0.753353,-0.68644
744,1,0.5,0.75,-0.693147,0.495979,0.745962,-0.701223,0.495968,0.745951,-0.701244
745,1,0.5,0.75,-0.693147,0.496653,0.746642,-0.699863,0.496644,0.746633,-0.699881
746,0,0.5,0.75,-0.693147,0.497326,0.752667,-0.687814,0.497319,0.752674,-0.6878
747,1,0.5,0.75,-0.693147,0.496662,0.746651,-0.699845,0.496653,0.746642,-0.699863
748,1,0.5,0.75,-0.693147,0.497333,0.747326,-0.698495,0.497326,0.747319,-0.698509
749,0,0.5,0.75,-0.693147,0.498003,0.751993,-0.68916,0.497997,0.751999,-0.68915
750,1,0.5,0.75,-0.693147,0.49734,0.747333,-0.698481,0.497333,0.747326,-0.698495
751,1,0.5,0.75,-0.693147,0.498008,0.748004,-0.697139,0.498003,0.747999,-0.69715
752,0,0.5,0.75,-0.693147,0.498674,0.751325,-0.690498,0.49867,0.751328,-0.690491
753,0,0.5,0.75,-0.693147,0.498013,0.751983,-0.689182,0.498008,0.751988,-0.689171
754,1,0.5,0.75,-0.693147,0.497354,0.747347,-0.698452,0.497347,0.74734,-0.698466
755,0,0.5,0.75,-0.693147,0.498018,0.751978,-0.689192,0.498013,0.751983,-0.689182
756,1,0.5,0.75,-0.693147,0.497361,0.747355,-0.698438,0.497354,0.747347,-0.698452
757,0,0.5,0.75,-0.693147,0.498024,0.751972,-0.689202,0.498018,0.751978,-0.689192
758,0,0.5,0.75,-0.693147,0.497368,0.752625,-0.687898,0.497361,0.752632,-0.687884
759,0,0.5,0.75,-0.693147,0.496715,0.753274,-0.686598,0.496706,0.753283,-0.686581
760,0,0.5,0.75,-0.693147,0.496063,0.753922,-0.685304,0.496053,0.753932,-0.685283
761,0,0.5,0.75,-0.693147,0.495413,0.754566,-0.684015,0.495401,0.754578,-0.683991
762,0,0.5,0.75,-0.693147,0.494764,0.755208,-0.68273,0.494751,0.755222,-0.682703
763,1,0.5,0.75,-0.693147,0.494118,0.744083,-0.704982,0.494102,0.744067,-0.705013
764,1,0.5,0.75,-0.693147,0.494778,0.744751,-0.703646,0.494764,0.744737,-0.703674
765,0,0.5,0.75,-0.693147,0.495437,0.754542,-0.684062,0.495425,0.754554,-0.684038
766,1,0.5,0.75,-0.693147,0.494792,0.744765,-0.703618,0.494778,0.744751,-0.703646
767,0,0.5,0.75,-0.693147,0.495449,0.754531,-0.684086,0.495437,0.754542,-0.684062
768,1,0.5,0.75,-0.693147,0.494805,0.744778,-0.703591,0.494792,0.744765,-0.703618
769,0,0.5,0.75,-0.693147,0.49546,0.754519,-0.684109,0.495449,0.754531,-0.684086
770,1,0.5,0.75,-0.693147,0.494819,0.744792,-0.703564,0.494805,0.744778,-0.703591
771,1,0.5,0.75,-0.693147,0.495472,0.745452,-0.702244,0.49546,0.74544,-0.702268
772,0,0.5,0.75,-0.693147,0.496124,0.753861,-0.685425,0.496114,0.753871,-0.685405
773,0,0.5,0.75,-0.693147,0.495484,0.754496,-0.684155,0.495472,0.754507,-0.684132
774,0,0.5,0.75,-0.693147,0.494845,0.755128,-0.682891,0.494832,0.755141,-0.682864
775,1,0.5,0.75,-0.693147,0.494208,0.744175,-0.704798,0.494194,0.74416,-0.704828
776,1,0.5,0.75,-0.693147,0.494859,0.744832,-0.703483,0.494845,0.744819,-0.70351
777,0,0.5,0.75,-0.693147,0.495507,0.754473,-0.684201,0.495495,0.754484,-0.684179
778,1,0.5,0.75,-0.693147,0.494872,0.744845,-0.703457,0.494859,0.744832,-0.703483
779,0,0.5,0.75,-0.693147,0.495519,0.754461,-0.684224,0.495507,0.754473,-0.684201
780,0,0.5,0.75,-0.693147,0.494885,0.755089,-0.682969,0.494872,0.755102,-0.682943
781,0,0.5,0.75,-0.693147,0.494253,0.755714,-0.681718,0.494238,0.755729,-0.681689
782,0,0.5,0.75,-0.693147,0.493622,0.756337,-0.680473,0.493606,0.756353,-0.680441
783,0,0.5,0.75,-0.693147,0.492994,0.756957,-0.679232,0.492976,0.756975,-0.679196
784,0,0.5,0.75,-0.693147,0.492366,0.757575,-0.677995,0.492347,0.757594,-0.677957
785,1,0.5,0.75,-0.693147,0.491741,0.741673,-0.709804,0.49172,0.741651,-0.709846
786,1,0.5,0.75,-0.693147,0.492386,0.742328,-0.708493,0.492366,0.742308,-0.708532
787,1,0.5,0.75,-0.693147,0.493029,0.742981,-0.707187,0.493011,0.742963,-0.707223
788,1,0.5,0.75,-0.693147,0.493671,0.743631,-0.705886,0.493655,0.743615,-0.705919
789,0,0.5,0.75,-0.693147,0.494311,0.755657,-0.681833,0.494297,0.755671,-0.681805
790,0,0.5,0.75,-0.693147,0.493687,0.756273,-0.6806,0.493671,0.756289,-0.680568
791,1,0.5,0.75,-0.693147,0.493064,0.743016,-0.707116,0.493047,0.742998,-0.707151
792,1,0.5,0.75,-0.693147,0.493703,0.743663,-0.705822,0.493687,0.743647,-0.705854
793,1,0.5,0.75,-0.693147,0.49434,0.744308,-0.704533,0.494325,0.744293,-0.704561
794,0,0.5,0.75,-0.693147,0.494975,0.755,-0.683147,0.494962,0.755012,-0.683122
795,0,0.5,0.75,-0.693147,0.494354,0.755614,-0.681918,0.49434,0.755628,-0.68189
796,1,0.5,0.75,-0.693147,0.493734,0.743695,-0.705758,0.493719,0.743679,-0.70579
797,0,0.5,0.75,-0.693147,0.494368,0.7556,-0.681946,0.494354,0.755614,-0.681918
798,0,0.5,0.75,-0.693147,0.49375,0.756211,-0.680725,0.493734,0.756226,-0.680694
799,1,0.5,0.75,-0.693147,0.493134,0.743086,-0.706975,0.493116,0.743069,-0.70701
800,0,0.5,0.75,-0.693147,0.493766,0.756196,-0.680755,0.49375,0.756211,-0.680725
801,0,0.5,0.75,-0.693147,0.493151,0.756802,-0.679542,0.493134,0.756819,-0.679508
802,1,0.5,0.75,-0.693147,0.492537,0.742482,-0.708185,0.492519,0.742463,-0.708223
803,1,0.5,0.75,-0.693147,0.493168,0.743121,-0.706906,0.493151,0.743104,-0.706941
804,1,0.5,0.75,-0.693147,0.493797,0.743758,-0.705632,0.493781,0.743742,-0.705663
805,1,0.5,0.75,-0.693147,0.494424,0.744393,-0.704362,0.49441,0.744379,-0.70439
806,0,0.5,0.75,-0.693147,0.49505,0.754926,-0.683295,0.495037,0.754938,-0.683271
807,0,0.5,0.75,-0.693147,0.494438,0.755531,-0.682084,0.494424,0.755545,-0.682056
808,1,0.5,0.75,-0.693147,0.493827,0.743789,-0.70557,0.493812,0.743774,-0.705601
809,1,0.5,0.75,-0.693147,0.494451,0.744421,-0.704307,0.494438,0.744407,-0.704334
810,1,0.5,0.75,-0.693147,0.495074,0.74505,-0.703048,0.495062,0.745037,-0.703073
811,1,0.5,0.75,-0.693147,0.495695,0.745676,-0.701795,0.495684,0.745666,-0.701816
812,0,0.5,0.75,-0.693147,0.496314,0.753672,-0.685803,0.496305,0.753681,-0.685785
813,1,0.5,0.75,-0.693147,0.495706,0.745687,-0.701773,0.495695,0.745676,-0.701795
814,1,0.5,0.75,-0.693147,0.496324,0.74631,-0.700527,0.496314,0.746301,-0.700545
815,1,0.5,0.75,-0.693147,0.49694,0.746931,-0.699286,0.496933,0.746923,-0.699301
816,0,0.5,0.75,-0.693147,0.497555,0.752439,-0.688269,0.497549,0.752445,-0.688257
817,1,0.5,0.75,-0.693147,0.496947,0.746938,-0.699271,0.49694,0.746931,-0.699286
818,0,0.5,0.75,-0.693147,0.497561,0.752433,-0.688281,0.497555,0.752439,-0.688269
819,1,0.5,0.75,-0.693147,0.496955,0.746946,-0.699256,0.496947,0.746938,-0.699271
820,0,0.5,0.75,-0.693147,0.497567,0.752427,-0.688293,0.497561,0.752433,-0.688281
821,0,0.5,0.75,-0.693147,0.496962,0.753028,-0.68709,0.496955,0.753036,-0.687076
822,1,0.5,0.75,-0.693147,0.496359,0.746346,-0.700455,0.49635,0.746337,-0.700473
823,1,0.5,0.75,-0.693147,0.49697,0.746961,-0.699226,0.496962,0.746953,-0.699241
824,0,0.5,0.75,-0.693147,0.497579,0.752415,-0.688316,0.497573,0.752421,-0.688305
825,0,0.5,0.75,-0.693147,0.496977,0.753014,-0.687119,0.49697,0.753021,-0.687105
826,1,0.5,0.75,-0.693147,0.496377,0.746364,-0.70042,0.496368,0.746355,-0.700438
827,1,0.5,0.75,-0.693147,0.496984,0.746975,-0.699197,0.496977,0.746968,-0.699211
828,0,0.5,0.75,-0.693147,0.49759,0.752404,-0.688339,0.497585,0.75241,-0.688328
829,0,0.5,0.75,-0.693147,0.496992,0.752999,-0.687148,0.496984,0.753007,-0.687134
830,1,0.5,0.75,-0.693147,0.496394,0.746381,-0.700385,0.496386,0.746372,-0.700402
831,0,0.5,0.75,-0.693147,0.496999,0.752992,-0.687163,0.496992,0.752999,-0.687148
832,1,0.5,0.75,-0.693147,0.496403,0.74639,-0.700367,0.496394,0.746381,-0.700385
833,0,0.5,0.75,-0.693147,0.497006,0.752985,-0.687177,0.496999,0.752992,-0.687163
834,1,0.5,0.75,-0.693147,0.496411,0.746399,-0.70035,0.496403,0.74639,-0.700367
835,1,0.5,0.75,-0.693147,0.497013,0.747004,-0.699139,0.497006,0.746997,-0.699153
836,1,0.5,0.75,-0.693147,0.497613,0.747608,-0.697932,0.497608,0.747602,-0.697943
837,0,0.5,0.75,-0.693147,0.498212,0.751785,-0.689578,0.498208,0.751789,-0.689569
838,1,0.5,0.75,-0.693147,0.497619,0.747613,-0.69792,0.497613,0.747608,-0.697932
839,1,0.5,0.75,-0.693147,0.498216,0.748213,-0.696721,0.498212,0.748209,-0.696729
840,1,0.5,0.75,-0.693147,0.498812,0.748811,-0.695525,0.49881,0.748808,-0.695531
841,0,0.5,0.75,-0.693147,0.499407,0.750593,-0.691962,0.499405,0.750594,-0.691959
842,0,0.5,0.75,-0.693147,0.498815,0.751183,-0.69078,0.498812,0.751186,-0.690775
843,1,0.5,0.75,-0.693147,0.498225,0.748222,-0.696704,0.498221,0.748217,-0.696712
844,0,0.5,0.75,-0.693147,0.498818,0.751181,-0.690786,0.498815,0.751183,-0.69078
845,0,0.5,0.75,-0.693147,0.498229,0.751768,-0.689612,0.498225,0.751772,-0.689603
846,0,0.5,0.75,-0.693147,0.497642,0.752353,-0.688441,0.497636,0.752358,-0.68843
847,1,0.5,0.75,-0.693147,0.497055,0.747047,-0.699054,0.497048,0.74704,-0.699068
848,1,0.5,0.75,-0.693147,0.497647,0.747642,-0.697864,0.497642,0.747636,-0.697875
849,1,0.5,0.75,-0.693147,0.498237,0.748234,-0.696679,0.498233,0.74823,-0.696687
850,1,0.5,0.75,-0.693147,0.498826,0.748825,-0.695497,0.498824,0.748822,-0.695503
851,1,0.5,0.75,-0.693147,0.499414,0.749413,-0.69432,0.499412,0.749412,-0.694323
852,0,0.5,0.75,-0.693147,0.5,0.75,-0.693147,0.5,0.75,-0.693147
853,1,0.5,0.75,-0.693147,0.499415,0.749415,-0.694317,0.499414,0.749413,-0.69432
854,1,0.5,0.75,-0.693147,0.5,0.75,-0.693147,0.5,0.75,-0.693147
855,0,0.5,0.75,-0.693147,0.500583,0.749416,-0.694315,0.500585,0.749415,-0.694317
856,1,0.5,0.75,-0.693147,0.5,0.75,-0.693147,0.5,0.75,-0.693147
857,0,0.5,0.75,-0.693147,0.500582,0.749418,-0.694312,0.500583,0.749416,-0.694315
858,0,0.5,0.75,-0.693147,0.5,0.75,-0.693147,0.5,0.75,-0.693147
859,1,0.5,0.75,-0.693147,0.499419,0.749419,-0.694309,0.499418,0.749418,-0.694312
860,0,0.5,0.75,-0.693147,0.5,0.75,-0.693147,0.5,0.75,-0.693147
861,0,0.5,0.75,-0.693147,0.499421,0.750579,-0.691989,0.499419,0.75058,-0.691986
862,0,0.5,0.75,-0.693147,0.498843,0.751156,-0.690835,0.49884,0.751159,-0.69083
863,1,0.5,0.75,-0.693147,0.498266,0.748263,-0.696621,0.498262,0.748259,-0.696629
864,1,0.5,0.75,-0.693147,0.498845,0.748844,-0.695459,0.498843,0.748841,-0.695465
865,0,0.5,0.75,-0.693147,0.499423,0.750576,-0.691994,0.499422,0.750578,-0.691992
866,1,0.5,0.75,-0.693147,0.498848,0.748847,-0.695454,0.498845,0.748844,-0.695459
867,1,0.5,0.75,-0.693147,0.499425,0.749424,-0.694299,0.499423,0.749423,-0.694301
868,1,0.5,0.75,-0.693147,0.5,0.75,-0.693147,0.5,0.75,-0.693147
869,0,0.5,0.75,-0.693147,0.500574,0.749426,-0.694296,0.500575,0.749424,-0.694299
870,1,0.5,0.75,-0.693147,0.5,0.75,-0.693147,0.5,0.75,-0.693147
871,0,0.5,0.75,-0.693147,0.500573,0.749427,-0.694293,0.500574,0.749426,-0.694296
872,0,0.5,0.75,-0.693147,0.5,0.75,-0.693147,0.5,0.75,-0.693147
873,0,0.5,0.75,-0.693147,0.499429,0.750571,-0.692005,0.499427,0.750572,-0.692002
874,0,0.5,0.75,-0.693147,0.498858,0.75114,-0.690867,0.498856,0.751143,-0.690861
875,0,0.5,0.75,-0.693147,0.49829,0.751707,-0.689732,0.498286,0.751711,-0.689724
876,0,0.5,0.75,-0.693147,0.497722,0.752273,-0.688602,0.497717,0.752278,-0.688591
877,1,0.5,0.75,-0.693147,0.497156,0.747148,-0.698852,0.497149,0.747141,-0.698865
878,0,0.5,0.75,-0.693147,0.497727,0.752268,-0.688612,0.497722,0.752273,-0.688602
879,1,0.5,0.75,-0.693147,0.497162,0.747154,-0.698839,0.497156,0.747148,-0.698852
880,1,0.5,0.75,-0.693147,0.497732,0.747727,-0.697693,0.497727,0.747722,-0.697703
881,0,0.5,0.75,-0.693147,0.498301,0.751696,-0.689755,0.498297,0.7517,-0.689748
882,0,0.5,0.75,-0.693147,0.497738,0.752257,-0.688633,0.497732,0.752262,-0.688622
883,1,0.5,0.75,-0.693147,0.497175,0.747167,-0.698813,0.497169,0.747161,-0.698826
884,0,0.5,0.75,-0.693147,0.497743,0.752252,-0.688643,0.497738,0.752257,-0.688633
885,0,0.5,0.75,-0.693147,0.497182,0.752811,-0.687526,0.497175,0.752817,-0.687513
886,0,0.5,0.75,-0.693147,0.496622,0.753367,-0.686413,0.496614,0.753375,-0.686398
887,0,0.5,0.75,-0.693147,0.496063,0.753922,-0.685304,0.496054,0.75393,-0.685286
888,0,0.5,0.75,-0.693147,0.495506,0.754474,-0.684199,0.495495,0.754484,-0.684179
889,0,0.5,0.75,-0.693147,0.494949,0.755025,-0.683097,0.494938,0.755036,-0.683074
890,0,0.5,0.75,-0.693147,0.494395,0.755574,-0.681999,0.494382,0.755586,-0.681974
891,0,0.5,0.75,-0.693147,0.493841,0.756121,-0.680904,0.493827,0.756135,-0.680877
892,0,0.5,0.75,-0.693147,0.493289,0.756666,-0.679814,0.493274,0.756681,-0.679784
893,0,0.5,0.75,-0.693147,0.492737,0.75721,-0.678727,0.492721,0.757226,-0.678694
894,1,0.5,0.75,-0.693147,0.492188,0.742126,-0.708896,0.49217,0.742109,-0.708931
895,1,0.5,0.75,-0.693147,0.492754,0.742701,-0.707746,0.492737,0.742685,-0.707779
896,1,0.5,0.75,-0.693147,0.493318,0.743274,-0.7066,0.493304,0.743259,-0.706631
897,1,0.5,0.75,-0.693147,0.493882,0.743845,-0.705458,0.493868,0.743831,-0.705486
898,0,0.5,0.75,-0.693147,0.494444,0.755525,-0.682097,0.494432,0.755537,-0.682073
899,0,0.5,0.75,-0.693147,0.493896,0.756067,-0.681012,0.493882,0.75608,-0.680986
900,0,0.5,0.75,-0.693147,0.493348,0.756608,-0.679931,0.493333,0.756622,-0.679902
901,1,0.5,0.75,-0.693147,0.492802,0.74275,-0.707648,0.492786,0.742734,-0.707681
902,0,0.5,0.75,-0.693147,0.493363,0.756593,-0.67996,0.493348,0.756608,-0.679931
903,0,0.5,0.75,-0.693147,0.492818,0.757131,-0.678885,0.492802,0.757146,-0.678853
904,0,0.5,0.75,-0.693147,0.492274,0.757667,-0.677813,0.492257,0.757683,-0.677779
905,0,0.5,0.75,-0.693147,0.491731,0.758201,-0.676744,0.491713,0.758219,-0.676708
906,0,0.5,0.75,-0.693147,0.491189,0.758733,-0.675679,0.49117,0.758752,-0.675641
907,1,0.5,0.75,-0.693147,0.490649,0.740562,-0.712026,0.490628,0.740541,-0.712068
908,0,0.5,0.75,-0.693147,0.491209,0.758714,-0.675718,0.491189,0.758733,-0.675679
909,1,0.5,0.75,-0.693147,0.49067,0.740583,-0.711984,0.490649,0.740562,-0.712026
910,1,0.5,0.75,-0.693147,0.491228,0.741151,-0.710847,0.491209,0.741132,-0.710886
911,0,0.5,0.75,-0.693147,0.491785,0.758147,-0.676851,0.491767,0.758165,-0.676816
912,1,0.5,0.75,-0.693147,0.491247,0.741171,-0.710808,0.491228,0.741151,-0.710847
913,0,0.5,0.75,-0.693147,0.491803,0.75813,-0.676887,0.491785,0.758147,-0.676851
914,1,0.5,0.75,-0.693147,0.491266,0.74119,-0.710769,0.491247,0.741171,-0.710808
915,0,0.5,0.75,-0.693147,0.491821,0.758112,-0.676922,0.491803,0.75813,-0.676887
916,1,0.5,0.75,-0.693147,0.491285,0.741209,-0.71073,0.491266,0.74119,-0.710769
917,0,0.5,0.75,-0.693147,0.491839,0.758094,-0.676957,0.491821,0.758112,-0.676922
918,0,0.5,0.75,-0.693147,0.491304,0.75862,-0.675905,0.491285,0.758639,-0.675868
919,1,0.5,0.75,-0.693147,0.490771,0.740686,-0.711778,0.490751,0.740665,-0.711819
920,0,0.5,0.75,-0.693147,0.491323,0.758602,-0.675942,0.491304,0.75862,-0.675905
921,0,0.5,0.75,-0.693147,0.490791,0.759124,-0.674897,0.490771,0.759144,-0.674857
922,1,0.5,0.75,-0.693147,0.49026,0.740165,-0.71282,0.490239,0.740143,-0.712863
923,1,0.5,0.75,-0.693147,0.490811,0.740726,-0.711697,0.490791,0.740706,-0.711737
924,1,0.5,0.75,-0.693147,0.491361,0.741286,-0.710577,0.491342,0.741267,-0.710615
925,0,0.5,0.75,-0.693147,0.491909,0.758025,-0.677095,0.491892,0.758042,-0.677061
926,0,0.5,0.75,-0.693147,0.491379,0.758546,-0.676053,0.491361,0.758565,-0.676016
927,0,0.5,0.75,-0.693147,0.49085,0.759066,-0.675013,0.490831,0.759085,-0.674975
928,1,0.5,0.75,-0.693147,0.490323,0.740229,-0.712692,0.490302,0.740208,-0.712734
929,1,0.5,0.75,-0.693147,0.49087,0.740787,-0.711576,0.49085,0.740767,-0.711616
930,0,0.5,0.75,-0.693147,0.491416,0.75851,-0.676125,0.491398,0.758528,-0.676089
931,1,0.5,0.75,-0.693147,0.49089,0.740807,-0.711536,0.49087,0.740787,-0.711576
932,1,0.5,0.75,-0.693147,0.491435,0.741361,-0.710426,0.491416,0.741343,-0.710464
933,0,0.5,0.75,-0.693147,0.491979,0.757957,-0.677232,0.491961,0.757974,-0.677198
934,0,0.5,0.75,-0.693147,0.491453,0.758474,-0.676198,0.491435,0.758492,-0.676162
935,0,0.5,0.75,-0.693147,0.490928,0.758989,-0.675167,0.490909,0.759008,-0.675129
936,0,0.5,0.75,-0.693147,0.490405,0.759503,-0.674139,0.490385,0.759523,-0.674099
937,0,0.5,0.75,-0.693147,0.489883,0.760015,-0.673115,0.489861,0.760036,-0.673073
938,0,0.5,0.75,-0.693147,0.489362,0.760525,-0.672094,0.489339,0.760547,-0.672049
939,1,0.5,0.75,-0.693147,0.488842,0.738717,-0.715717,0.488818,0.738693,-0.715765
940,1,0.5,0.75,-0.693147,0.489384,0.739272,-0.714607,0.489362,0.739249,-0.714653
941,1,0.5,0.75,-0.693147,0.489926,0.739824,-0.713501,0.489904,0.739802,-0.713545
942,1,0.5,0.75,-0.693147,0.490466,0.740375,-0.712399,0.490446,0.740355,-0.71244
943,0,0.5,0.75,-0.693147,0.491005,0.758914,-0.675318,0.490986,0.758933,-0.67528
944,1,0.5,0.75,-0.693147,0.490486,0.740396,-0.712358,0.490466,0.740375,-0.712399
945,1,0.5,0.75,-0.693147,0.491024,0.740944,-0.711262,0.491005,0.740924,-0.7113
946,1,0.5,0.75,-0.693147,0.491561,0.74149,-0.710169,0.491543,0.741472,-0.710205
947,1,0.5,0.75,-0.693147,0.492097,0.742034,-0.70908,0.49208,0.742018,-0.709113
948,0,0.5,0.75,-0.693147,0.492632,0.757314,-0.678518,0.492616,0.757329,-0.678487
949,1,0.5,0.75,-0.693147,0.492114,0.742051,-0.709046,0.492097,0.742034,-0.70908
950,0,0.5,0.75,-0.693147,0.492647,0.757299,-0.678548,0.492632,0.757314,-0.678518
951,1,0.5,0.75,-0.693147,0.49213,0.742068,-0.709012,0.492114,0.742051,-0.709046
952,0,0.5,0.75,-0.693147,0.492662,0.757284,-0.678579,0.492647,0.757299,-0.678548
953,0,0.5,0.75,-0.693147,0.492147,0.757792,-0.677562,0.49213,0.757808,-0.67753
954,1,0.5,0.75,-0.693147,0.491632,0.741562,-0.710025,0.491614,0.741544,-0.710061
955,0,0.5,0.75,-0.693147,0.492163,0.757776,-0.677595,0.492147,0.757792,-0.677562
956,1,0.5,0.75,-0.693147,0.491649,0.74158,-0.70999,0.491632,0.741562,-0.710025
957,1,0.5,0.75,-0.693147,0.492179,0.742118,-0.708912,0.492163,0.742102,-0.708945
958,0,0.5,0.75,-0.693147,0.492708,0.757238,-0.678669,0.492693,0.757253,-0.678639
959,1,0.5,0.75,-0.693147,0.492196,0.742135,-0.708879,0.492179,0.742118,-0.708912
960,1,0.5,0.75,-0.693147,0.492723,0.742671,-0.707807,0.492708,0.742655,-0.707838
961,0,0.5,0.75,-0.693147,0.49325,0.756704,-0.679738,0.493236,0.756718,-0.67971
962,1,0.5,0.75,-0.693147,0.492739,0.742686,-0.707776,0.492723,0.742671,-0.707807
963,0,0.5,0.75,-0.693147,0.493264,0.75669,-0.679766,0.49325,0.756704,-0.679738
964,1,0.5,0.75,-0.693147,0.492754,0.742701,-0.707746,0.492739,0.742686,-0.707776
965,0,0.5,0.75,-0.693147,0.493278,0.756677,-0.679793,0.493264,0.75669,-0.679766
966,0,0.5,0.75,-0.693147,0.492769,0.757179,-0.678788,0.492754,0.757194,-0.678758
967,0,0.5,0.75,-0.693147,0.49226,0.75768,-0.677786,0.492244,0.757696,-0.677754
968,0,0.5,0.75,-0.693147,0.491753,0.758179,-0.676787,0.491736,0.758196,-0.676753
969,1,0.5,0.75,-0.693147,0.491246,0.74117,-0.71081,0.491228,0.741151,-0.710847
970,0,0.5,0.75,-0.693147,0.49177,0.758163,-0.67682,0.491753,0.758179,-0.676787
971,1,0.5,0.75,-0.693147,0.491264,0.741188,-0.710773,0.491246,0.74117,-0.71081
972,1,0.5,0.75,-0.693147,0.491786,0.741719,-0.709711,0.49177,0.741702,-0.709745
973,1,0.5,0.75,-0.693147,0.492308,0.742249,-0.708651,0.492292,0.742232,-0.708683
974,0,0.5,0.75,-0.693147,0.492828,0.757121,-0.678905,0.492813,0.757135,-0.678876
975,1,0.5,0.75,-0.693147,0.492323,0.742265,-0.708619,0.492308,0.742249,-0.708651
976,0,0.5,0.75,-0.693147,0.492843,0.757106,-0.678934,0.492828,0.757121,-0.678905
977,0,0.5,0.75,-0.693147,0.492339,0.757602,-0.677942,0.492323,0.757618,-0.677911
978,0,0.5,0.75,-0.693147,0.491837,0.758097,-0.676952,0.49182,0.758113,-0.67692
979,1,0.5,0.75,-0.693147,0.491335,0.74126,-0.710628,0.491318,0.741242,-0.710664
980,0,0.5,0.75,-0.693147,0.491853,0.75808,-0.676985,0.491837,0.758097,-0.676952
981,1,0.5,0.75,-0.693147,0.491353,0.741278,-0.710592,0.491335,0.74126,-0.710628
982,1,0.5,0.75,-0.693147,0.49187,0.741804,-0.709541,0.491853,0.741787,-0.709575
983,1,0.5,0.75,-0.693147,0.492386,0.742328,-0.708493,0.49237,0.742312,-0.708524
984,1,0.5,0.75,-0.693147,0.492901,0.74285,-0.707448,0.492886,0.742836,-0.707477
985,0,0.5,0.75,-0.693147,0.493414,0.756542,-0.680062,0.493401,0.756555,-0.680036
986,0,0.5,0.75,-0.693147,0.492915,0.757035,-0.679077,0.492901,0.757049,-0.679048
987,1,0.5,0.75,-0.693147,0.492417,0.742359,-0.70843,0.492401,0.742343,-0.708461
988,1,0.5,0.75,-0.693147,0.492929,0.742879,-0.70739,0.492915,0.742865,-0.707419
989,1,0.5,0.75,-0.693147,0.493441,0.743398,-0.706352,0.493428,0.743385,-0.706379
990,1,0.5,0.75,-0.693147,0.493952,0.743915,-0.705318,0.493939,0.743903,-0.705342
991,0,0.5,0.75,-0.693147,0.494461,0.755508,-0.682131,0.49445,0.755519,-0.682108
992,1,0.5,0.75,-0.693147,0.493964,0.743927,-0.705293,0.493952,0.743915,-0.705318
993,1,0.5,0.75,-0.693147,0.494472,0.744442,-0.704264,0.494461,0.744431,-0.704287
994,1,0.5,0.75,-0.693147,0.49498,0.744955,-0.703238,0.49497,0.744945,-0.703258
995,0,0.5,0.75,-0.693147,0.495486,0.754493,-0.684161,0.495477,0.754502,-0.684143
996,0,0.5,0.75,-0.693147,0.49499,0.754985,-0.683177,0.49498,0.754995,-0.683157
997,0,0.5,0.75,-0.693147,0.494494,0.755475,-0.682196,0.494483,0.755486,-0.682175
998,0,0.5,0.75,-0.693147,0.494,0.755964,-0.681219,0.493988,0.755976,-0.681195
999,0,0.5,0.75,-0.693147,0.493506,0.756451,-0.680244,0.493493,0.756464,-0.680218
